data;horario;n_da_ocorrencia;tipo_de_ocorrencia;km;trecho;sentido;tipo_de_acidente;caminhao;ilesos;levemente_feridos;moderadamente_feridos;gravemente_feridos;mortos;3
30/07/2015;21:08:00;456;sem vítima;798;BR-163/MS;Norte;Atropelamento - Animal;1;1;0;0;0;0;1
31/07/2015;22:43:00;428;com vítima;485,8;BR-163/MS;Norte;Colisão lateral no mesmo sentido;1;1;0;2;0;0;2
31/07/2015;15:15:00;320;sem vítima;517,8;BR-163/MS;Norte;Tombamento;1;1;0;0;0;0;1
01/08/2015;22:52:00;293;sem vítima;302,24;BR-163/MS;Norte;Saídas de pista;1;1;0;0;0;0;1
01/08/2015;22:17:00;286;com vítima;622;BR-163/MS;Norte;Tombamento;1;0;1;0;0;0;1
03/08/2015;16:21:00;331;sem vítima;6;BR-163/MS;Norte;Colisão com veículos (traseira);1;2;0;0;0;0;1
03/08/2015;13:16:00;249;sem vítima;104;BR-163/MS;Norte;Saídas de pista;1;1;0;0;0;0;1
03/08/2015;10:14:00;177;com vítima;469,3;BR-163/MS;Norte;Colisão lateral no mesmo sentido;1;2;1;0;0;0;1
04/08/2015;18:04:00;319;com vítima;516;BR-163/MS;Norte;Tombamento;1;0;0;1;0;0;2
04/08/2015;13:27:00;219;sem vítima;729,5;BR-163/MS;Norte;Colisão com veículos (traseira);1;2;0;0;0;0;1
05/08/2015;09:25:00;159;sem vítima;666;BR-163/MS;Sul;Tombamento;1;3;0;0;0;0;1
06/08/2015;16:24:00;386;sem vítima;6;BR-163/MS;Sul;Colisão lateral no mesmo sentido;1;2;0;0;0;0;1
07/08/2015;21:10:00;430;sem vítima;102;BR-163/MS;Norte;Colisão lateral no mesmo sentido;1;6;0;0;0;0;1
07/08/2015;13:45:00;292;sem vítima;317;BR-163/MS;Norte;Engavetamento;1;3;0;0;0;0;1
08/08/2015;16:01:00;263;com vítima;207;BR-163/MS;Sul;Colisão c/ obstáculos;1;1;0;0;1;0;2
08/08/2015;19:17:00;317;sem vítima;792;BR-163/MS;Norte;Atropelamento - Animal;1;1;0;0;0;0;1
09/08/2015;23:02:00;338;com vítima;461,5;BR-163/MS;Norte;Capotamento;1;0;0;1;0;0;2
09/08/2015;14:57:00;207;com vítima;645;BR-163/MS;Norte;Capotamento;1;0;0;0;2;1;3
09/08/2015;05:48:00;52;sem vítima;742;BR-163/MS;Norte;Atropelamento - Animal;1;1;0;0;0;0;1
10/08/2015;14:45:00;289;sem vítima;492;BR-163/MS;Norte;Colisão com veículos (traseira);1;2;0;0;0;0;1
10/08/2015;12:36:00;246;sem vítima;839,4;BR-163/MS;Sul;Tombamento;1;2;0;0;0;0;1
11/08/2015;18:56:00;405;sem vítima;26;BR-163/MS;Sul;Colisão com veículos (traseira);2;2;0;0;0;0;1
11/08/2015;10:36:00;196;com vítima;32;BR-163/MS;Sul;Engavetamento;3;6;10;5;2;4;3
11/08/2015;16:53:00;370;sem vítima;119;BR-163/MS;Sul;Tombamento;1;1;0;0;0;0;1
11/08/2015;14:23:00;294;sem vítima;515;BR-163/MS;Sul;Engavetamento;1;5;0;0;0;0;1
11/08/2015;05:43:00;60;sem vítima;581;BR-163/MS;Sul;Tombamento;1;2;0;0;0;0;1
12/08/2015;17:08:00;334;sem vítima;246;BR-163/MS;Sul;Colisão com veículos (traseira);2;2;0;0;0;0;1
12/08/2015;19:33:00;364;com vítima;485,5;BR-163/MS;Sul;Engavetamento;2;18;1;0;0;0;1
12/08/2015;14:28:00;275;sem vítima;546;BR-163/MS;Norte;Tombamento;1;2;0;0;0;0;1
13/08/2015;08:11:00;103;com vítima;466;BR-163/MS;Norte;Tombamento;1;0;1;0;0;0;1
13/08/2015;19:37:00;333;sem vítima;561;BR-163/MS;Sul;Colisão lateral no mesmo sentido;2;2;0;0;0;0;1
14/08/2015;19:38:00;470;sem vítima;477;BR-163/MS;Norte;Colisão lateral no mesmo sentido;1;2;0;0;0;0;1
15/08/2015;18:16:00;412;sem vítima;632,2;BR-163/MS;Norte;Colisão com veículos (traseira);1;4;0;0;0;0;1
15/08/2015;16:27:00;369;sem vítima;699,4;BR-163/MS;Norte;Colisão lateral no mesmo sentido;1;4;0;0;0;0;1
16/08/2015;06:51:00;73;com vítima;564;BR-163/MS;Sul;Saídas de pista;1;1;1;0;0;0;1
17/08/2015;07:54:00;92;sem vítima;753;BR-163/MS;Norte;Colisão lateral no mesmo sentido;1;2;0;0;0;0;1
18/08/2015;18:10:00;412;sem vítima;478;BR-163/MS;Norte;Engavetamento;1;4;0;0;0;0;1
18/08/2015;14:28:00;306;sem vítima;546;BR-163/MS;Norte;Tombamento;1;1;0;0;0;0;1
19/08/2015;22:49:00;449;sem vítima;20;BR-163/MS;Norte;Saídas de pista;1;1;0;0;0;0;1
19/08/2015;18:59:00;382;sem vítima;604,5;BR-163/MS;Norte;Colisão lateral no mesmo sentido;1;2;0;0;0;0;1
19/08/2015;06:41:00;69;com vítima;801;BR-163/MS;Sul;Colisão com veículos (traseira);1;0;2;0;0;0;1
20/08/2015;07:37:00;94;com vítima;632,3;BR-163/MS;Norte;Colisão lateral no sentido contrário;2;1;1;0;0;0;1
21/08/2015;23:41:00;389;com vítima;54,9;BR-163/MS;Sul;Capotamento;1;0;0;0;1;0;2
22/08/2015;09:59:00;187;sem vítima;207;BR-163/MS;Norte;Tombamento;1;1;0;0;0;0;1
22/08/2015;07:21:00;81;sem vítima;256;BR-163/MS;Norte;Colisão com veículos (traseira);2;2;0;0;0;0;1
22/08/2015;14:38:00;299;sem vítima;555,5;BR-163/MS;Norte;Colisão com veículos (traseira);1;4;0;0;0;0;1
22/08/2015;01:10:00;7;sem vítima;580;BR-163/MS;Norte;Saídas de pista;1;1;0;0;0;0;1
22/08/2015;04:39:00;36;sem vítima;784;BR-163/MS;Sul;Atropelamento - Animal;1;1;0;0;0;0;1
23/08/2015;15:43:00;235;sem vítima;224;BR-163/MS;Norte;Colisão lateral no mesmo sentido;1;2;0;0;0;0;1
23/08/2015;16:26:00;244;sem vítima;490;BR-163/MS;Norte;Colisão lateral no mesmo sentido;1;2;0;0;0;0;1
24/08/2015;21:17:00;404;com vítima;319;BR-163/MS;Norte;Colisão lateral no mesmo sentido;1;1;0;1;0;0;2
24/08/2015;13:56:00;282;com vítima;566;BR-163/MS;Sul;Tombamento;2;1;1;0;0;0;1
25/08/2015;21:31:00;420;com vítima;76,3;BR-163/MS;Sul;Atropelamento - Pedestre;1;1;0;0;0;1;3
25/08/2015;14:29:00;297;sem vítima;119;BR-163/MS;Sul;Colisão com veículos (traseira);1;2;0;0;0;0;1
26/08/2015;10:31:00;214;com vítima;771;BR-163/MS;Norte;Tombamento;1;0;1;0;0;0;1
27/08/2015;21:16:00;417;sem vítima;26,9;BR-163/MS;Norte;Capotamento;1;1;0;0;0;0;1
27/08/2015;01:33:00;17;com vítima;346;BR-163/MS;Norte;Colisão lateral no sentido contrário;1;1;2;0;0;1;3
27/08/2015;18:44:00;386;sem vítima;490;BR-163/MS;Norte;Colisão lateral no mesmo sentido;1;2;0;0;0;0;1
27/08/2015;19:07:00;391;com vítima;660,2;BR-163/MS;Norte;Colisão lateral no mesmo sentido;2;1;1;0;0;0;1
28/08/2015;17:40:00;270;com vítima;135;BR-163/MS;Norte;Capotamento;1;3;0;1;0;0;2
28/08/2015;11:01:00;158;sem vítima;251;BR-163/MS;Sul;Colisão lateral no sentido contrário;1;2;0;0;0;0;1
28/08/2015;21:48:00;347;com vítima;512;BR-163/MS;Sul;Colisão com veículos (traseira);2;2;0;0;1;0;2
28/08/2015;18:18:00;282;com vítima;516;BR-163/MS;Sul;Colisão com veículos (traseira);1;3;0;1;0;0;2
28/08/2015;03:05:00;23;com vítima;633;BR-163/MS;Norte;Tombamento;1;0;1;0;0;0;1
30/08/2015;10:41:00;182;com vítima;490;BR-163/MS;Norte;Tombamento;1;1;1;0;0;0;1
30/08/2015;11:09:00;191;sem vítima;789;BR-163/MS;Norte;Colisão com veículos (traseira);2;2;0;0;0;0;1
31/08/2015;17:48:00;386;sem vítima;785;BR-163/MS;Norte;Colisão com veículos (traseira);2;2;0;0;0;0;1
01/09/2015;13:23:00;296;com vítima;206;BR-163/MS;Sul;Tombamento;1;1;0;1;0;0;2
02/09/2015;02:38:00;35;com vítima;19,8;BR-163/MS;Sul;Tombamento;1;0;1;0;0;0;1
02/09/2015;10:49:00;189;com vítima;163;BR-163/MS;Sul;Colisão lateral no mesmo sentido;2;2;2;0;0;0;1
02/09/2015;13:28:00;231;com vítima;390;BR-163/MS;Norte;Engavetamento;2;5;1;0;0;0;1
04/09/2015;23:51:00;519;com vítima;270;BR-163/MS;Sul;Colisão lateral no mesmo sentido;1;0;2;0;0;0;1
05/09/2015;12:23:00;214;com vítima;482,5;BR-163/MS;Norte;Engavetamento;2;2;0;1;0;0;2
05/09/2015;12:35:00;215;com vítima;487;BR-163/MS;Norte;Colisão lateral no mesmo sentido;1;1;0;1;0;0;2
08/09/2015;10:06:00;120;com vítima;138,14;BR-163/MS;Norte;Capotamento;1;1;1;0;0;0;1
08/09/2015;03:02:00;29;sem vítima;157;BR-163/MS;Sul;Tombamento;1;1;0;0;0;0;1
08/09/2015;18:51:00;297;sem vítima;162;BR-163/MS;Norte;Tombamento;1;1;0;0;0;0;1
08/09/2015;06:21:00;49;com vítima;237;BR-163/MS;Sul;Tombamento;1;1;1;0;0;0;1
08/09/2015;16:24:00;244;com vítima;551;BR-163/MS;Norte;Tombamento;1;1;1;0;0;0;1
09/09/2015;16:29:00;281;sem vítima;534;BR-163/MS;Sul;Colisão com veículos (traseira);1;2;0;0;0;0;1
11/09/2015;09:11:00;127;com vítima;675,4;BR-163/MS;Norte;Capotamento;1;0;1;0;0;0;1
12/09/2015;18:02:00;280;com vítima;496,497;BR-163/MS;Norte;Colisão lateral no mesmo sentido;1;2;0;0;1;0;2
12/09/2015;23:35:00;355;com vítima;580;BR-163/MS;Norte;Saídas de pista;1;2;1;0;0;0;1
13/09/2015;22:31:00;385;sem vítima;487;BR-163/MS;Sul;Colisão lateral no mesmo sentido;1;4;0;0;0;0;1
13/09/2015;21:03:00;357;sem vítima;620;BR-163/MS;Sul;Outros;1;1;0;0;0;0;1
13/09/2015;21:38:00;370;com vítima;730;BR-163/MS;Norte;Atropelamento - Pedestre;1;1;0;0;0;1;3
14/09/2015;06:02:00;100;com vítima;138;BR-163/MS;Sul;Capotamento;1;1;2;0;1;0;2
15/09/2015;23:28:00;411;sem vítima;493;BR-163/MS;Norte;Saídas de pista;1;1;0;0;0;0;1
16/09/2015;18:54:00;393;sem vítima;77;BR-163/MS;Norte;Colisão com veículos (traseira);1;2;0;0;0;0;1
16/09/2015;18:30:00;383;sem vítima;267;BR-163/MS;Sul;Colisão com veículos (traseira);3;3;0;0;0;0;1
18/09/2015;09:01:00;178;sem vítima;513;BR-163/MS;Sul;Colisão c/ obstáculos;1;1;0;0;0;0;1
18/09/2015;16:57:00;305;sem vítima;670;BR-163/MS;Norte;Saídas de pista;1;4;0;0;0;0;1
19/09/2015;02:40:00;35;com vítima;787;BR-163/MS;Norte;Colisão com veículos (traseira);1;10;26;0;0;0;1
19/09/2015;23:11:00;428;com vítima;808;BR-163/MS;Norte;Colisão com veículos (frontal);1;2;0;0;1;0;2
23/09/2015;18:25:00;423;com vítima;369;BR-163/MS;Norte;Atropelamento - Pedestre;1;1;0;1;0;0;2
24/09/2015;15:51:00;381;sem vítima;15;BR-163/MS;Sul;Saídas de pista;1;3;0;0;0;0;1
24/09/2015;13:46:00;346;com vítima;562;BR-163/MS;Norte;Capotamento;1;1;0;0;2;0;2
25/09/2015;17:35:00;343;sem vítima;485,5;BR-163/MS;Norte;Saídas de pista;1;2;0;0;0;0;1
25/09/2015;19:01:00;358;com vítima;486;BR-163/MS;Norte;Colisão com veículos (traseira);1;1;1;1;0;0;2
26/09/2015;02:20:00;19;sem vítima;193;BR-163/MS;Norte;Saídas de pista;1;1;0;0;0;0;1
26/09/2015;01:48:00;13;sem vítima;334,7;BR-163/MS;Sul;Tombamento;1;1;0;0;0;0;1
26/09/2015;08:49:00;73;com vítima;483;BR-163/MS;Norte;Colisão lateral no sentido contrário;1;1;0;0;0;1;3
26/09/2015;18:22:00;200;com vítima;503,8;BR-163/MS;Norte;Colisão lateral no sentido contrário;1;1;0;0;0;1;3
27/09/2015;19:08:00;285;sem vítima;104,5;BR-163/MS;Norte;Colisão com veículos (traseira);2;2;0;0;0;0;1
28/09/2015;07:44:00;87;com vítima;180;BR-163/MS;Norte;Colisão lateral no mesmo sentido;1;0;2;0;0;0;1
28/09/2015;16:49:00;314;com vítima;266,4;BR-163/MS;Sul;Colisão lateral no mesmo sentido;1;1;1;1;0;0;2
29/09/2015;17:25:00;328;sem vítima;265;BR-163/MS;Norte;Colisão com veículos (traseira);2;2;0;0;0;0;1
30/09/2015;01:26:00;18;sem vítima;238;BR-163/MS;Norte;Saídas de pista;1;1;0;0;0;0;1
30/09/2015;18:27:00;264;sem vítima;821;BR-163/MS;Norte;Atropelamento - Animal;1;1;0;0;0;0;1
01/10/2015;10:38:00;177;sem vítima;223;BR-163/MS;Sul;Tombamento;1;1;0;0;0;0;1
01/10/2015;13:11:00;225;sem vítima;466;BR-163/MS;Norte;Tombamento;1;1;0;0;0;0;1
02/10/2015;17:18:00;369;com vítima;272;BR-163/MS;Sul;Atropelamento - Pedestre;1;1;1;0;0;0;1
02/10/2015;16:59:00;361;sem vítima;487,9;BR-163/MS;Norte;Colisão com veículos (traseira);2;3;0;0;0;0;1
03/10/2015;14:36:00;182;sem vítima;347,5;BR-163/MS;Norte;Colisão com veículos (traseira);1;2;0;0;0;0;1
03/10/2015;05:24:00;46;sem vítima;477,2;BR-163/MS;Norte;Tombamento;1;1;0;0;0;0;1
06/10/2015;23:45:00;493;sem vítima;316;BR-163/MS;Norte;Colisão com veículos (traseira);1;1;0;0;0;0;1
06/10/2015;11:14:00;268;sem vítima;520,7;BR-163/MS;Norte;Colisão com veículos (traseira);2;2;0;0;0;0;1
07/10/2015;06:59:00;76;sem vítima;209;BR-163/MS;Sul;Colisão lateral no mesmo sentido;1;2;0;0;0;0;1
07/10/2015;22:44:00;383;com vítima;389,1;BR-163/MS;Norte;Tombamento;1;0;1;0;0;0;1
07/10/2015;08:03:00;112;com vítima;482,5;BR-163/MS;Sul;Colisão lateral no sentido contrário;1;1;1;0;0;0;1
07/10/2015;14:39:00;262;sem vítima;619;BR-163/MS;Norte;Colisão lateral no mesmo sentido;1;3;0;0;0;0;1
09/10/2015;16:53:00;348;com vítima;117;BR-163/MS;Sul;Colisão lateral no sentido contrário;1;0;3;0;0;0;1
09/10/2015;19:30:00;397;sem vítima;191;BR-163/MS;Norte;Outros;1;2;0;0;0;0;1
09/10/2015;01:10:00;15;sem vítima;617;BR-163/MS;Norte;Engavetamento;1;50;0;0;0;0;1
10/10/2015;14:53:00;280;com vítima;554;BR-163/MS;Norte;Colisão com veículos (traseira);1;2;3;0;0;0;1
12/10/2015;19:23:00;250;sem vítima;703;BR-163/MS;Sul;Colisão com veículos (traseira);1;5;0;0;0;0;1
12/10/2015;10:47:00;112;sem vítima;778;BR-163/MS;Norte;Colisão c/ obstáculos;1;1;0;0;0;0;1
13/10/2015;00:32:00;6;com vítima;78,5;BR-163/MS;Norte;Colisão lateral no sentido contrário;1;3;1;0;0;0;1
14/10/2015;18:36:00;417;com vítima;786,8;BR-163/MS;Norte;Colisão lateral no sentido contrário;2;2;0;1;0;0;2
15/10/2015;05:56:00;72;sem vítima;563;BR-163/MS;Norte;Colisão lateral no mesmo sentido;2;3;0;0;0;0;1
17/10/2015;18:29:00;385;sem vítima;32;BR-163/MS;Norte;Colisão lateral no mesmo sentido;1;2;0;0;0;0;1
19/10/2015;10:38:00;238;com vítima;140;BR-163/MS;Norte;Capotamento;1;0;0;0;0;1;3
19/10/2015;17:37:00;377;sem vítima;487;BR-163/MS;Sul;Saídas de pista;1;1;0;0;0;0;1
19/10/2015;10:50:00;243;sem vítima;684;BR-163/MS;Norte;Saídas de pista;1;4;0;0;0;0;1
19/10/2015;10:49:00;242;com vítima;716,5;BR-163/MS;Norte;Saídas de pista;1;2;1;0;0;0;1
20/10/2015;05:50:00;47;sem vítima;352;BR-163/MS;Sul;Atropelamento - Animal;1;1;0;0;0;0;1
21/10/2015;05:18:00;45;com vítima;740;BR-163/MS;Norte;Capotamento;1;0;2;0;0;0;1
22/10/2015;05:50:00;62;com vítima;84;BR-163/MS;Sul;Colisão com veículos (traseira);1;1;1;1;0;0;2
22/10/2015;13:24:00;275;sem vítima;120;BR-163/MS;Norte;Outros;1;2;0;0;0;0;1
25/10/2015;21:07:00;336;sem vítima;41;BR-163/MS;Norte;Atropelamento - Animal;1;9;0;0;0;0;1
25/10/2015;04:37:00;44;sem vítima;227;BR-163/MS;Sul;Colisão c/ obstáculos;1;1;0;0;0;0;1
25/10/2015;08:51:00;114;sem vítima;490;BR-163/MS;Norte;Tombamento;2;2;0;0;0;0;1
26/10/2015;11:05:00;170;com vítima;93,6;BR-163/MS;Sul;Tombamento;1;1;1;0;0;0;1
26/10/2015;00:08:00;1;sem vítima;405;BR-163/MS;Sul;Saídas de pista;1;1;0;0;0;0;1
26/10/2015;15:02:00;239;sem vítima;430;BR-163/MS;Norte;Colisão com veículos (traseira);1;3;0;0;0;0;1
28/10/2015;02:08:00;27;sem vítima;212,6;BR-163/MS;Sul;Atropelamento - Animal;1;1;0;0;0;0;1
28/10/2015;10:35:00;189;sem vítima;223,5;BR-163/MS;Sul;Colisão com veículos (traseira);1;4;0;0;0;0;1
28/10/2015;05:24:00;45;sem vítima;488;BR-163/MS;Sul;Colisão lateral no mesmo sentido;1;2;0;0;0;0;1
30/10/2015;15:29:00;314;com vítima;360,362;BR-163/MS;Sul;Colisão lateral no mesmo sentido;1;4;2;0;0;0;1
31/10/2015;16:43:00;283;sem vítima;650;BR-163/MS;Sul;Tombamento;1;2;0;0;0;0;1
31/10/2015;08:52:00;122;com vítima;753,2;BR-163/MS;Norte;Colisão c/ obstáculos;1;1;1;0;0;0;1
31/10/2015;10:19:00;153;sem vítima;775,3;BR-163/MS;Norte;Saídas de pista;1;1;0;0;0;0;1
01/11/2015;14:45:00;222;sem vítima;239;BR-163/MS;Norte;Colisão lateral no mesmo sentido;1;2;0;0;0;0;1
01/11/2015;23:41:00;354;sem vítima;533;BR-163/MS;Norte;Colisão lateral no mesmo sentido;2;4;0;0;0;0;1
01/11/2015;14:51:00;226;com vítima;606;BR-163/MS;Sul;Tombamento;1;0;1;0;0;0;1
02/11/2015;19:41:00;344;sem vítima;173;BR-163/MS;Sul;Colisão c/ obstáculos;2;2;0;0;0;0;1
02/11/2015;06:10:00;45;sem vítima;510;BR-163/MS;Sul;Colisão c/ obstáculos;1;1;0;0;0;0;1
03/11/2015;16:47:00;298;sem vítima;128,5;BR-163/MS;Sul;Colisão c/ obstáculos;1;1;0;0;0;0;1
03/11/2015;12:13:00;198;sem vítima;186;BR-163/MS;Sul;Saídas de pista;1;1;0;0;0;0;1
03/11/2015;06:44:00;71;sem vítima;323;BR-163/MS;Sul;Colisão lateral no mesmo sentido;2;3;0;0;0;0;1
04/11/2015;13:42:00;236;com vítima;555;BR-163/MS;Norte;Colisão lateral no mesmo sentido;1;3;0;0;1;0;2
04/11/2015;14:27:00;249;sem vítima;564;BR-163/MS;Sul;Tombamento;2;2;0;0;0;0;1
05/11/2015;05:04:00;32;sem vítima;194;BR-163/MS;Sul;Saídas de pista;1;1;0;0;0;0;1
05/11/2015;20:02:00;347;com vítima;344,8;BR-163/MS;Norte;Colisão com veículos (traseira);1;1;1;2;0;0;2
07/11/2015;02:08:00;52;com vítima;7;BR-163/MS;Norte;Atropelamento - Animal;1;0;1;0;0;0;1
08/11/2015;21:36:00;356;sem vítima;50,28;BR-163/MS;Sul;Tombamento;1;1;0;0;0;0;1
09/11/2015;23:21:00;377;com vítima;97,5;BR-163/MS;Norte;Saídas de pista;1;1;1;0;0;0;1
09/11/2015;15:07:00;242;sem vítima;260;BR-163/MS;Norte;Capotamento;1;1;0;0;0;0;1
10/11/2015;14:45:00;265;sem vítima;481,482;BR-163/MS;Sul;Colisão com veículos (traseira);1;2;0;0;0;0;1
11/11/2015;18:55:00;400;com vítima;113;BR-163/MS;Norte;Engavetamento;1;4;1;0;0;0;1
11/11/2015;10:53:00;231;sem vítima;324;BR-163/MS;Norte;Colisão com veículos (traseira);1;2;0;0;0;0;1
11/11/2015;02:33:00;38;com vítima;480;BR-163/MS;Norte;Colisão com veículos (traseira);1;1;1;0;0;0;1
13/11/2015;01:03:00;9;com vítima;103,7;BR-163/MS;Norte;Saídas de pista;1;0;1;0;0;0;1
13/11/2015;15:59:00;285;sem vítima;246;BR-163/MS;Norte;Tombamento;1;1;0;0;0;0;1
14/11/2015;20:19:00;357;sem vítima;24;BR-163/MS;Norte;Colisão com veículos (traseira);1;5;0;0;0;0;1
17/11/2015;06:52:00;66;com vítima;11,9;BR-163/MS;Norte;Tombamento;1;0;1;0;0;0;1
17/11/2015;19:32:00;336;com vítima;18;BR-163/MS;Norte;Colisão lateral no mesmo sentido;1;1;1;1;0;0;2
17/11/2015;18:17:00;312;sem vítima;391;BR-163/MS;Norte;Colisão c/ obstáculos;1;1;0;0;0;0;1
18/11/2015;09:41:00;172;sem vítima;414;BR-163/MS;Norte;Colisão c/ obstáculos;2;2;0;0;0;0;1
19/11/2015;17:17:00;473;com vítima;430;BR-163/MS;Norte;Colisão com veículos (traseira);1;1;1;0;0;0;1
20/11/2015;08:48:00;119;sem vítima;136;BR-163/MS;Norte;Colisão com veículos (traseira);2;2;0;0;0;0;1
20/11/2015;14:03:00;259;sem vítima;209;BR-163/MS;Norte;Colisão com veículos (traseira);1;3;0;0;0;0;1
20/11/2015;10:09:00;155;com vítima;654;BR-163/MS;Sul;Tombamento;1;0;2;0;0;0;1
20/11/2015;12:19:00;219;com vítima;843;BR-163/MS;Sul;Tombamento;1;0;0;1;0;0;2
21/11/2015;16:58:00;317;sem vítima;28;BR-163/MS;Norte;Colisão com veículos (traseira);2;2;0;0;0;0;1
21/11/2015;19:16:00;351;sem vítima;425,2;BR-163/MS;Norte;Tombamento;1;1;0;0;0;0;1
21/11/2015;22:51:00;393;sem vítima;749;BR-163/MS;Sul;Atropelamento - Animal;1;1;0;0;0;0;1
22/11/2015;21:28:00;345;sem vítima;425,2;BR-163/MS;Norte;Tombamento;1;1;0;0;0;0;1
23/11/2015;18:41:00;287;com vítima;194;BR-163/MS;Norte;Tombamento;1;0;1;1;0;0;2
23/11/2015;14:11:00;200;com vítima;647;BR-163/MS;Norte;Colisão com veículos (traseira);2;1;0;0;1;0;2
24/11/2015;13:03:00;225;com vítima;839,2;BR-163/MS;Norte;Tombamento;1;0;1;0;0;0;1
26/11/2015;18:24:00;435;sem vítima;528;BR-163/MS;Norte;Colisão com veículos (traseira);1;2;0;0;0;0;1
27/11/2015;05:04:00;84;sem vítima;513;BR-163/MS;Norte;Saídas de pista;1;1;0;0;0;0;1
27/11/2015;06:34:00;113;com vítima;837;BR-163/MS;Sul;Colisão lateral no sentido contrário;1;2;14;2;0;0;2
28/11/2015;10:12:00;196;sem vítima;490;BR-163/MS;Sul;Tombamento;1;1;0;0;0;0;1
28/11/2015;22:15:00;396;com vítima;603,5;BR-163/MS;Sul;Tombamento;1;3;1;0;0;0;1
30/11/2015;17:43:00;282;com vítima;283,85;BR-163/MS;Norte;Colisão com veículos (traseira);1;2;1;0;0;0;1
01/12/2015;16:40:00;360;sem vítima;103;BR-163/MS;Sul;Tombamento;1;1;0;0;0;0;1
01/12/2015;02:08:00;37;sem vítima;107;BR-163/MS;Norte;Colisão lateral no mesmo sentido;1;2;0;0;0;0;1
01/12/2015;08:48:00;189;sem vítima;396;BR-163/MS;Norte;Colisão com veículos (traseira);2;3;0;0;0;0;1
02/12/2015;15:20:00;269;sem vítima;159,45;BR-163/MS;Norte;Colisão com veículos (traseira);1;5;0;0;0;0;1
02/12/2015;05:06:00;36;sem vítima;822,9;BR-163/MS;Norte;Saídas de pista;1;1;0;0;0;0;1
03/12/2015;13:57:00;247;com vítima;645;BR-163/MS;Norte;Tombamento;1;0;1;0;0;0;1
04/12/2015;21:39:00;429;sem vítima;36;BR-163/MS;Sul;Saídas de pista;1;1;0;0;0;0;1
04/12/2015;17:55:00;350;com vítima;36,95;BR-163/MS;Norte;Colisão com veículos (traseira);1;1;1;0;0;0;1
04/12/2015;17:26:00;333;com vítima;80;BR-163/MS;Norte;Colisão com veículos (frontal);1;4;0;0;0;1;3
04/12/2015;14:50:00;294;sem vítima;383;BR-163/MS;Sul;Colisão com veículos (traseira);2;2;0;0;0;0;1
04/12/2015;12:33:00;239;com vítima;471;BR-163/MS;Sul;Colisão com veículos (frontal);1;1;0;0;1;0;2
04/12/2015;02:59:00;27;sem vítima;620;BR-163/MS;Norte;Saídas de pista;1;1;0;0;0;0;1
05/12/2015;22:11:00;387;sem vítima;125;BR-163/MS;Sul;Atropelamento - Animal;1;1;0;0;0;0;1
05/12/2015;08:17:00;135;sem vítima;185;BR-163/MS;Sul;Tombamento;1;1;0;0;0;0;1
06/12/2015;20:26:00;343;com vítima;329;BR-163/MS;Sul;Colisão com veículos (frontal);1;1;0;0;0;1;3
06/12/2015;06:46:00;47;sem vítima;524,4;BR-163/MS;Norte;Capotamento;1;3;0;0;0;0;1
07/12/2015;20:48:00;424;com vítima;93,118;BR-163/MS;Sul;Tombamento;1;0;0;1;0;0;2
07/12/2015;14:58:00;304;sem vítima;258;BR-163/MS;Sul;Colisão com veículos (traseira);1;2;0;0;0;0;1
07/12/2015;09:40:00;167;sem vítima;503;BR-163/MS;Norte;Colisão lateral no mesmo sentido;2;2;0;0;0;0;1
07/12/2015;17:39:00;365;com vítima;680;BR-163/MS;Sul;Colisão com veículos (traseira);1;1;0;1;0;0;2
08/12/2015;22:10:00;496;com vítima;823;BR-163/MS;Norte;Colisão com veículos (traseira);2;2;1;0;0;0;1
09/12/2015;09:22:00;155;sem vítima;104,104;BR-163/MS;Norte;Tombamento;1;1;0;0;0;0;1
09/12/2015;08:37:00;132;com vítima;365;BR-163/MS;Norte;Tombamento;1;4;2;0;0;0;1
09/12/2015;00:20:00;5;sem vítima;426;BR-163/MS;Sul;Saídas de pista;1;1;0;0;0;0;1
10/12/2015;17:11:00;318;com vítima;142;BR-163/MS;Sul;Colisão com veículos (frontal);1;5;1;0;0;0;1
11/12/2015;13:28:00;277;sem vítima;188,273;BR-163/MS;Norte;Colisão com veículos (traseira);1;4;0;0;0;0;1
11/12/2015;10:55:00;230;com vítima;566;BR-163/MS;Sul;Colisão lateral no mesmo sentido;1;2;1;0;0;0;1
12/12/2015;23:37:00;337;sem vítima;528;BR-163/MS;Sul;Tombamento;1;1;0;0;0;0;1
14/12/2015;17:04:00;359;com vítima;36,8;BR-163/MS;Norte;Tombamento de moto;1;1;2;0;0;0;1
14/12/2015;16:37:00;350;com vítima;555,5;BR-163/MS;Sul;Tombamento;1;0;1;0;0;0;1
15/12/2015;15:04:00;205;com vítima;169,834;BR-163/MS;Sul;Colisão lateral no mesmo sentido;1;3;1;0;0;0;1
16/12/2015;06:57:00;82;com vítima;412,9;BR-163/MS;Sul;Colisão c/ obstáculos;1;2;1;0;0;0;1
16/12/2015;22:37:00;438;sem vítima;620,618;BR-163/MS;Norte;Atropelamento - Animal;1;1;0;0;0;0;1