data;horario;n_da_ocorrencia;tipo_de_ocorrencia;km;trecho;sentido;tipo_de_acidente;caminhao;ilesos;levemente_feridos;moderadamente_feridos;gravemente_feridos;mortos;3
14/12/2016;16:03:00;351;sem vítima;366;BR-163/MS;Norte;Colisão lateral no mesmo sentido;1;4;0;0;0;0;1
14/12/2016;16:54:00;368;sem vítima;536,5;BR-163/MS;Sul;Colisão com veículos (traseira);2;2;0;0;0;0;1
15/12/2016;07:24:00;77;sem vítima;415;BR-163/MS;Sul;Colisão com veículos (traseira);2;2;0;0;0;0;1
15/12/2016;15:38:00;268;sem vítima;77;BR-163/MS;Norte;Colisão com veículos (traseira);2;2;0;0;0;0;1
16/12/2016;06:32:00;65;sem vítima;416;BR-163/MS;Norte;Colisão com veículos (traseira);2;4;0;0;0;0;1
17/12/2016;10:20:00;164;com vítima;843,91;BR-163/MS;Norte;Tombamento;1;0;1;0;0;0;1
18/12/2016;10:03:00;143;com vítima;500,3;BR-163/MS;Norte;Colisão lateral no mesmo sentido;1;1;0;1;0;0;2
19/12/2016;07:53:00;93;sem vítima;476;BR-163/MS;Norte;Colisão lateral no mesmo sentido;2;2;0;0;0;0;1
19/12/2016;13:06:00;229;sem vítima;499;BR-163/MS;Sul;Colisão lateral no mesmo sentido;1;2;0;0;0;0;1
19/12/2016;16:40:00;300;sem vítima;466;BR-163/MS;Norte;Colisão lateral no mesmo sentido;1;4;0;0;0;0;1
20/12/2016;09:10:00;140;sem vítima;28;BR-163/MS;Norte;Colisão com veículos (traseira);2;2;0;0;0;0;1
20/12/2016;09:27:00;148;com vítima;485,65;BR-163/MS;Sul;Colisão com veículos (traseira);2;2;1;0;0;0;1
20/12/2016;14:06:00;236;com vítima;325;BR-163/MS;Norte;Colisão com veículos (frontal);1;1;0;0;2;0;2
20/12/2016;18:58:00;321;sem vítima;276;BR-163/MS;Sul;Colisão com veículos (traseira);1;2;0;0;0;0;1
22/12/2016;00:13:00;4;sem vítima;354,542;BR-163/MS;Norte;Saídas de pista;1;1;0;0;0;0;1
22/12/2016;17:20:00;320;sem vítima;606;BR-163/MS;Norte;Colisão lateral no mesmo sentido;1;4;0;0;0;0;1
23/12/2016;05:30:00;65;sem vítima;81;BR-163/MS;Sul;Colisão lateral no mesmo sentido;1;5;0;0;0;0;1
23/12/2016;11:48:00;206;sem vítima;533;BR-163/MS;Sul;Colisão com veículos (traseira);1;6;0;0;0;0;1
23/12/2016;12:35:00;227;com vítima;507;BR-163/MS;Norte;Colisão lateral no sentido contrário;1;1;0;1;1;1;3
23/12/2016;18:55:00;346;com vítima;209,5;BR-163/MS;Sul;Colisão lateral no mesmo sentido;1;1;1;0;0;0;1
24/12/2016;21:45:00;355;com vítima;256,13;BR-163/MS;Sul;Colisão com veículos (traseira);1;1;0;0;1;0;2
26/12/2016;13:59:00;196;com vítima;492;BR-163/MS;Sul;Colisão com veículos (traseira);1;1;1;0;0;0;1
26/12/2016;16:16:00;256;sem vítima;254;BR-163/MS;Norte;Colisão lateral no mesmo sentido;1;5;0;0;0;0;1
27/12/2016;10:47:00;184;sem vítima;523;BR-163/MS;Norte;Colisão com veículos (traseira);1;3;0;0;0;0;1
27/12/2016;18:09:00;338;sem vítima;113;BR-163/MS;Sul;Colisão com veículos (traseira);1;2;0;0;0;0;1
29/12/2016;14:06:00;216;sem vítima;365;BR-163/MS;Sul;Colisão com veículos (traseira);1;2;0;0;0;0;1
30/12/2016;09:45:00;143;com vítima;432;BR-163/MS;Sul;Colisão com veículos (traseira);1;2;2;0;0;0;1
30/12/2016;10:47:00;169;sem vítima;466;BR-163/MS;Sul;Colisão lateral no mesmo sentido;2;2;0;0;0;0;1
30/12/2016;14:33:00;241;sem vítima;21;BR-163/MS;Sul;Colisão com veículos (traseira);1;5;0;0;0;0;1
31/12/2016;21:27:00;278;com vítima;678,483;BR-163/MS;Sul;Tombamento de moto;1;1;0;0;1;0;2
02/01/2017;19:27:00;284;sem vítima;456;BR-163/MS;Sul;Colisão com veículos (traseira);2;6;0;0;0;0;1
03/01/2017;10:16:00;163;com vítima;61,5;BR-163/MS;Norte;Colisão lateral no mesmo sentido;1;3;1;0;0;0;1
04/01/2017;13:55:00;241;sem vítima;481,65;BR-163/MS;Norte;Tombamento;1;2;0;0;0;0;1
05/01/2017;02:50:00;25;sem vítima;134,8;BR-163/MS;Norte;Saídas de pista;1;2;0;0;0;0;1
05/01/2017;16:30:00;278;com vítima;144,4;BR-163/MS;Norte;Atropelamento de pedestre;1;3;0;0;0;1;3
05/01/2017;19:26:00;342;sem vítima;487,5;BR-163/MS;Norte;Colisão lateral no mesmo sentido;1;2;0;0;0;0;1
07/01/2017;07:24:00;59;com vítima;664,67;BR-163/MS;Norte;Colisão com veículos (frontal);1;0;0;0;1;4;3
07/01/2017;11:14:00;138;com vítima;496;BR-163/MS;Norte;Colisão lateral no mesmo sentido;1;2;2;0;1;0;2
10/01/2017;01:29:00;8;sem vítima;821,92;BR-163/MS;Sul;Tombamento;1;3;0;0;0;0;1
10/01/2017;15:40:00;275;com vítima;417;BR-163/MS;Norte;Atropelamento de pedestre;1;1;1;0;0;0;1
12/01/2017;20:20:00;378;sem vítima;431,7;BR-163/MS;Norte;Colisão c/ obstáculos;1;3;0;0;0;0;1
14/01/2017;06:09:00;39;sem vítima;705;BR-163/MS;Norte;Atropelamento de animais;1;1;0;0;0;0;1
15/01/2017;08:01:00;62;sem vítima;682;BR-163/MS;Norte;Colisão com veículos (traseira);1;5;0;0;0;0;1
16/01/2017;15:25:00;292;sem vítima;272;BR-163/MS;Norte;Colisão com veículos (traseira);2;2;0;0;0;0;1
17/01/2017;18:25:00;307;com vítima;39,9;BR-163/MS;Norte;Colisão lateral no sentido contrário;1;1;0;1;0;0;2
18/01/2017;20:17:00;307;sem vítima;93,29;BR-163/MS;Norte;Tombamento;1;3;0;0;0;0;1
19/01/2017;08:06:00;66;com vítima;477,802;BR-163/MS;Norte;Colisão com veículos (frontal);1;1;1;0;0;0;1
22/01/2017;12:09:00;130;sem vítima;454;BR-163/MS;Norte;Tombamento;1;2;0;0;0;0;1
22/01/2017;15:10:00;184;com vítima;458,4;BR-163/MS;Norte;Colisão com veículos (frontal);1;0;3;0;2;1;3
23/01/2017;07:22:00;67;sem vítima;366;BR-163/MS;Sul;Colisão c/ obstáculos;1;1;0;0;0;0;1
25/01/2017;09:53:00;128;com vítima;581,3;BR-163/MS;Sul;Colisão c/ obstáculos;2;3;1;0;1;0;2
25/01/2017;13:58:00;219;sem vítima;335;BR-163/MS;Sul;Colisão lateral no mesmo sentido;1;2;0;0;0;0;1
27/01/2017;06:41:00;54;com vítima;383;BR-163/MS;Norte;Colisão com veículos (traseira);1;2;1;0;0;0;1
27/01/2017;20:29:00;411;com vítima;811,44;BR-163/MS;Sul;Colisão lateral no sentido contrário;1;0;2;0;0;0;1
28/01/2017;18:38:00;347;sem vítima;496;BR-163/MS;Sul;Capotamento;1;2;0;0;0;0;1
28/01/2017;18:56:00;349;sem vítima;499,12;BR-163/MS;Sul;Tombamento;1;2;0;0;0;0;1
29/01/2017;13:21:00;170;sem vítima;476;BR-163/MS;Norte;Colisão c/ obstáculos;1;9;0;0;0;0;1
30/01/2017;09:38:00;132;sem vítima;664;BR-163/MS;Sul;Colisão c/ obstáculos;1;1;0;0;0;0;1
30/01/2017;14:29:00;243;sem vítima;31;BR-163/MS;Norte;Saídas de pista;1;1;0;0;0;0;1
31/01/2017;17:25:00;312;com vítima;243,1;BR-163/MS;Norte;Colisão com veículos (frontal);1;2;0;1;0;0;2
31/01/2017;19:36:00;354;sem vítima;357,35;BR-163/MS;Norte;Saídas de pista;1;2;0;0;0;0;1
31/01/2017;19:56:00;358;com vítima;106,5;BR-163/MS;Norte;Colisão lateral no mesmo sentido;1;1;1;0;0;0;1
01/02/2017;16:33:00;304;com vítima;763;BR-163/MS;Norte;Colisão lateral no sentido contrário;2;1;1;0;0;0;1
03/02/2017;05:30:00;34;sem vítima;796,2;BR-163/MS;Sul;Atropelamento de animais;1;2;0;0;0;0;1
03/02/2017;13:01:00;249;sem vítima;218;BR-163/MS;Norte;Colisão lateral no sentido contrário;1;3;0;0;0;0;1
03/02/2017;13:09:00;254;sem vítima;214,15;BR-163/MS;Sul;Capotamento;1;2;0;0;0;0;1
03/02/2017;14:53:00;299;sem vítima;660;BR-163/MS;Norte;Colisão lateral no mesmo sentido;1;8;0;0;0;0;1
04/02/2017;00:55:00;4;com vítima;185,3;BR-163/MS;Sul;Tombamento;1;0;1;0;0;0;1
04/02/2017;03:03:00;18;sem vítima;805,301;BR-163/MS;Sul;Tombamento;1;2;0;0;0;0;1
04/02/2017;12:51:00;174;sem vítima;364;BR-163/MS;Sul;Colisão lateral no mesmo sentido;2;5;0;0;0;0;1
07/02/2017;07:26:00;69;com vítima;452,2;BR-163/MS;Norte;Outros;2;3;1;0;0;0;1
09/02/2017;02:38:00;32;sem vítima;146,3;BR-163/MS;Sul;Tombamento;1;1;0;0;0;0;1
09/02/2017;02:56:00;33;com vítima;434,8;BR-163/MS;Norte;Colisão c/ obstáculos;1;0;1;0;0;0;1
10/02/2017;20:16:00;396;com vítima;251;BR-163/MS;Norte;Colisão com veículos (frontal);1;5;0;0;0;1;3
11/02/2017;02:38:00;24;sem vítima;543,139;BR-163/MS;Sul;Colisão com veículos (traseira);1;2;0;0;0;0;1
11/02/2017;09:37:00;135;sem vítima;792;BR-163/MS;Sul;Colisão com veículos (traseira);1;2;0;0;0;0;1
13/02/2017;12:49:00;193;sem vítima;587;BR-163/MS;Sul;Colisão com veículos (traseira);2;5;0;0;0;0;1
13/02/2017;20:11:00;346;sem vítima;525,132;BR-163/MS;Sul;Colisão com veículos (traseira);1;3;0;0;0;0;1
13/02/2017;21:03:00;356;com vítima;329,143;BR-163/MS;Sul;Colisão com veículos (frontal);1;1;0;0;0;1;3
14/02/2017;12:37:00;177;sem vítima;419,2;BR-163/MS;Sul;Saídas de pista;1;2;0;0;0;0;1
14/02/2017;20:55:00;291;com vítima;521,256;BR-163/MS;Norte;Colisão lateral no mesmo sentido;1;1;1;0;0;0;1
15/02/2017;13:58:00;219;com vítima;527;BR-163/MS;Sul;Tombamento;1;0;0;1;0;0;2
16/02/2017;02:55:00;18;sem vítima;693,587;BR-163/MS;Sul;Tombamento;1;1;0;0;0;0;1
16/02/2017;05:58:00;37;com vítima;397;BR-163/MS;Norte;Colisão c/ obstáculos;1;3;1;0;0;0;1
17/02/2017;13:34:00;246;com vítima;299,4;BR-163/MS;Norte;Colisão com veículos (frontal);1;1;0;0;0;1;3
18/02/2017;13:48:00;209;sem vítima;490;BR-163/MS;Sul;Colisão com veículos (traseira);2;2;0;0;0;0;1
20/02/2017;09:12:00;118;sem vítima;520;BR-163/MS;Sul;Engavetamento;1;6;0;0;0;0;1
21/02/2017;06:54:00;77;sem vítima;423,2;BR-163/MS;Sul;Colisão c/ obstáculos;1;5;0;0;0;0;1
22/02/2017;06:13:00;65;com vítima;300;BR-163/MS;Norte;Colisão lateral no mesmo sentido;1;3;0;0;1;0;2
22/02/2017;09:46:00;150;com vítima;38,8;BR-163/MS;Norte;Atropelamento de pedestre;1;1;0;0;1;0;2
22/02/2017;18:07:00;311;com vítima;167,741;BR-163/MS;Sul;Colisão lateral no mesmo sentido;1;3;1;0;0;0;1
27/02/2017;05:54:00;26;com vítima;592;BR-163/MS;Norte;Colisão lateral no mesmo sentido;1;5;1;0;0;0;1
02/03/2017;10:10:00;171;sem vítima;690;BR-163/MS;Sul;Colisão lateral no mesmo sentido;2;8;0;0;0;0;1
03/03/2017;05:44:00;31;com vítima;470,8;BR-163/MS;Norte;Colisão com veículos (frontal);1;1;0;2;1;1;3
03/03/2017;21:13:00;340;sem vítima;368,932;BR-163/MS;Sul;Colisão lateral no mesmo sentido;1;4;0;0;0;0;1
04/03/2017;09:22:00;158;sem vítima;364;BR-163/MS;Sul;Engavetamento;1;10;0;0;0;0;1
04/03/2017;18:32:00;379;com vítima;213,625;BR-163/MS;Norte;Capotamento;1;1;1;0;0;0;1
06/03/2017;13:55:00;219;sem vítima;663,4;BR-163/MS;Norte;Tombamento;1;2;0;0;0;0;1
07/03/2017;12:33:00;238;com vítima;206,6;BR-163/MS;Sul;Tombamento;1;2;1;0;0;0;1
08/03/2017;17:09:00;345;com vítima;369,75;BR-163/MS;Norte;Colisão lateral no mesmo sentido;1;1;0;0;1;0;2
09/03/2017;14:36:00;274;sem vítima;632;BR-163/MS;Norte;Tombamento;2;4;0;0;0;0;1
11/03/2017;20:08:00;296;com vítima;484,677;BR-163/MS;Sul;Colisão lateral no mesmo sentido;1;1;0;1;0;0;2
12/03/2017;09:18:00;103;com vítima;385,6;BR-163/MS;Norte;Colisão lateral no mesmo sentido;1;2;3;1;0;3;3
14/03/2017;10:12:00;168;sem vítima;342;BR-163/MS;Sul;Colisão com veículos (traseira);2;2;0;0;0;0;1
15/03/2017;12:02:00;185;com vítima;669,8;BR-163/MS;Norte;Capotamento;1;3;2;2;1;0;2
16/03/2017;05:08:00;30;sem vítima;148;BR-163/MS;Norte;Atropelamento de animais;1;1;0;0;0;0;1
16/03/2017;07:18:00;71;sem vítima;603;BR-163/MS;Norte;Colisão c/ obstáculos;1;2;0;0;0;0;1
16/03/2017;12:53:00;209;sem vítima;217;BR-163/MS;Sul;Colisão com veículos (traseira);1;2;0;0;0;0;1
16/03/2017;16:48:00;285;sem vítima;103;BR-163/MS;Sul;Tombamento;1;2;0;0;0;0;1
17/03/2017;04:40:00;36;com vítima;242;BR-163/MS;Sul;Outros;1;0;0;1;0;0;2
18/03/2017;05:13:00;37;com vítima;177;BR-163/MS;Norte;Colisão lateral no mesmo sentido;1;1;1;0;0;0;1
18/03/2017;19:00:00;297;sem vítima;33,644;BR-163/MS;Sul;Colisão c/ obstáculos;1;1;0;0;0;0;1
18/03/2017;19:28:00;305;com vítima;526,939;BR-163/MS;Norte;Colisão lateral no mesmo sentido;1;3;1;0;0;0;1
19/03/2017;04:38:00;20;com vítima;628,351;BR-163/MS;Sul;Colisão com veículos (frontal);1;1;1;1;0;0;2
24/03/2017;13:23:00;255;sem vítima;460;BR-163/MS;Norte;Colisão lateral no mesmo sentido;2;4;0;0;0;0;1
25/03/2017;11:14:00;193;sem vítima;533;BR-163/MS;Norte;Colisão c/ obstáculos;1;2;0;0;0;0;1
26/03/2017;20:13:00;306;com vítima;469,616;BR-163/MS;Sul;Tombamento;1;0;1;0;0;0;1
27/03/2017;21:26:00;349;sem vítima;658,295;BR-163/MS;Sul;Tombamento;1;1;0;0;0;0;1
30/03/2017;21:00:00;355;com vítima;458,252;BR-163/MS;Sul;Colisão com veículos (frontal);1;1;0;0;0;1;3
01/04/2017;17:40:00;278;sem vítima;547,5;BR-163/MS;Norte;Colisão lateral no mesmo sentido;1;2;0;0;0;0;1
02/04/2017;09:37:00;134;sem vítima;42;BR-163/MS;Sul;Colisão c/ obstáculos;1;3;0;0;0;0;1
03/04/2017;04:52:00;36;sem vítima;696;BR-163/MS;Norte;Saídas de pista;1;2;0;0;0;0;1
04/04/2017;13:41:00;188;sem vítima;562;BR-163/MS;Norte;Colisão com veículos (traseira);2;2;0;0;0;0;1
05/04/2017;15:00:00;247;sem vítima;124;BR-163/MS;Sul;Saídas de pista;1;1;0;0;0;0;1
06/04/2017;12:59:00;246;sem vítima;432;BR-163/MS;Norte;Colisão com veículos (traseira);1;2;0;0;0;0;1
08/04/2017;04:50:00;31;sem vítima;511,975;BR-163/MS;Norte;Tombamento;1;2;0;0;0;0;1
08/04/2017;10:06:00;116;com vítima;425,921;BR-163/MS;Norte;Engavetamento;1;8;1;0;0;0;1
13/04/2017;01:17:00;10;sem vítima;481,7;BR-163/MS;Norte;Colisão c/ obstáculos;1;1;0;0;0;0;1
13/04/2017;04:56:00;33;com vítima;575;BR-163/MS;Norte;Colisão lateral no sentido contrário;1;3;1;1;0;0;2
13/04/2017;08:53:00;130;sem vítima;490;BR-163/MS;Norte;Colisão com veículos (traseira);1;2;0;0;0;0;1
13/04/2017;21:24:00;397;com vítima;785;BR-163/MS;Norte;Colisão com veículos (traseira);2;1;2;0;0;0;1
14/04/2017;02:41:00;18;com vítima;656;BR-163/MS;Sul;Tombamento;1;1;1;0;0;0;1
14/04/2017;18:38:00;304;sem vítima;479;BR-163/MS;Sul;Colisão com veículos (traseira);1;3;0;0;0;0;1
16/04/2017;18:50:00;245;sem vítima;626,645;BR-163/MS;Norte;Capotamento;1;3;0;0;0;0;1
17/04/2017;11:16:00;163;sem vítima;433;BR-163/MS;Norte;Colisão com veículos (traseira);1;3;0;0;0;0;1
17/04/2017;18:15:00;282;com vítima;475;BR-163/MS;Norte;Colisão lateral no mesmo sentido;1;1;1;0;0;0;1
18/04/2017;05:10:00;37;sem vítima;192;BR-163/MS;Sul;Tombamento;1;1;0;0;0;0;1
18/04/2017;05:12:00;38;sem vítima;384,9;BR-163/MS;Norte;Saídas de pista;1;1;0;0;0;0;1
19/04/2017;01:20:00;7;com vítima;12;BR-163/MS;Norte;Colisão com veículos (frontal);1;1;0;0;1;0;2
19/04/2017;23:23:00;381;com vítima;477,768;BR-163/MS;Sul;Colisão lateral no sentido contrário;1;4;1;0;0;0;1
20/04/2017;14:15:00;194;sem vítima;484;BR-163/MS;Norte;Colisão lateral no mesmo sentido;1;2;0;0;0;0;1
21/04/2017;12:30:00;177;sem vítima;316,5;BR-163/MS;Norte;Colisão lateral no mesmo sentido;1;2;0;0;0;0;1
22/04/2017;10:10:00;88;com vítima;186;BR-163/MS;Norte;Tombamento;1;0;1;0;0;0;1
23/04/2017;18:29:00;249;sem vítima;90,231;BR-163/MS;Sul;Colisão com veículos (traseira);1;3;0;0;0;0;1
24/04/2017;22:02:00;338;sem vítima;492,677;BR-163/MS;Sul;Colisão c/ obstáculos;1;1;0;0;0;0;1
25/04/2017;17:47:00;299;sem vítima;480;BR-163/MS;Norte;Colisão com veículos (traseira);1;2;0;0;0;0;1
25/04/2017;17:59:00;302;sem vítima;484;BR-163/MS;Norte;Engavetamento;1;3;0;0;0;0;1
26/04/2017;13:53:00;236;sem vítima;482;BR-163/MS;Norte;Colisão com veículos (traseira);2;2;0;0;0;0;1
27/04/2017;14:41:00;291;sem vítima;514,9;BR-163/MS;Norte;Saídas de pista;1;1;0;0;0;0;1
27/04/2017;15:39:00;322;sem vítima;554,8;BR-163/MS;Norte;Colisão lateral no mesmo sentido;1;5;0;0;0;0;1
27/04/2017;18:26:00;396;com vítima;819,696;BR-163/MS;Norte;Colisão com veículos (traseira);1;1;1;0;0;0;1
28/04/2017;18:18:00;309;com vítima;479,226;BR-163/MS;Norte;Colisão lateral no sentido contrário;1;4;1;1;0;1;3
29/04/2017;01:04:00;8;com vítima;542,871;BR-163/MS;Norte;Engavetamento;1;2;5;1;0;0;2
04/05/2017;20:00:00;318;sem vítima;382;BR-163/MS;Norte;Atropelamento de animais;1;1;0;0;0;0;1
05/05/2017;18:55:00;313;com vítima;542,523;BR-163/MS;Norte;Colisão c/ obstáculos;1;2;0;0;0;1;3
06/05/2017;04:57:00;34;sem vítima;444,261;BR-163/MS;Sul;Tombamento;1;1;0;0;0;0;1
06/05/2017;18:26:00;278;sem vítima;667,296;BR-163/MS;Norte;Atropelamento de animais;2;2;0;0;0;0;1
07/05/2017;00:09:00;3;sem vítima;442,594;BR-163/MS;Norte;Atropelamento de animais;1;1;0;0;0;0;1
08/05/2017;06:27:00;52;sem vítima;104;BR-163/MS;Norte;Tombamento;1;3;0;0;0;0;1
08/05/2017;19:21:00;300;com vítima;542,83;BR-163/MS;Norte;Engavetamento;2;2;1;0;0;0;1
08/05/2017;21:12:00;310;sem vítima;317;BR-163/MS;Norte;Tombamento;1;1;0;0;0;0;1
09/05/2017;07:21:00;83;com vítima;611;BR-163/MS;Norte;Tombamento;1;0;1;0;0;0;1
10/05/2017;13:39:00;223;com vítima;259,7;BR-163/MS;Sul;Colisão com veículos (traseira);1;1;0;1;0;0;2
10/05/2017;15:09:00;263;sem vítima;28;BR-163/MS;Norte;Tombamento;1;2;0;0;0;0;1
11/05/2017;00:48:00;9;sem vítima;336,153;BR-163/MS;Sul;Tombamento;1;2;0;0;0;0;1
12/05/2017;04:42:00;47;sem vítima;432;BR-163/MS;Sul;Atropelamento de animais;1;1;0;0;0;0;1
12/05/2017;11:29:00;196;sem vítima;476,2;BR-163/MS;Norte;Colisão com veículos (traseira);1;2;0;0;0;0;1
13/05/2017;17:00:00;275;com vítima;813,967;BR-163/MS;Norte;Colisão com veículos (traseira);1;1;4;1;0;0;2
15/05/2017;14:07:00;203;sem vítima;429;BR-163/MS;Norte;Colisão c/ obstáculos;1;5;0;0;0;0;1
15/05/2017;16:10:00;254;sem vítima;533;BR-163/MS;Sul;Colisão lateral no mesmo sentido;1;5;0;0;0;0;1
15/05/2017;21:10:00;312;sem vítima;124;BR-163/MS;Sul;Atropelamento de animais;2;2;0;0;0;0;1
16/05/2017;16:20:00;289;sem vítima;490,66;BR-163/MS;Norte;Tombamento;1;2;0;0;0;0;1
16/05/2017;19:39:00;330;sem vítima;593,2;BR-163/MS;Norte;Colisão c/ obstáculos;1;1;0;0;0;0;1
17/05/2017;18:10:00;298;com vítima;696,443;BR-163/MS;Norte;Colisão com veículos (traseira);1;1;1;0;0;0;1
18/05/2017;04:10:00;20;com vítima;208,895;BR-163/MS;Sul;Colisão lateral no sentido contrário;1;1;0;2;0;0;2
18/05/2017;15:22:00;292;sem vítima;365;BR-163/MS;Sul;Colisão lateral no mesmo sentido;1;4;0;0;0;0;1
19/05/2017;09:53:00;138;com vítima;466;BR-163/MS;Norte;Colisão com veículos (traseira);1;4;1;0;0;0;1
19/05/2017;17:03:00;279;sem vítima;123;BR-163/MS;Norte;Colisão com veículos (traseira);1;4;0;0;0;0;1
19/05/2017;18:28:00;300;sem vítima;206;BR-163/MS;Sul;Saídas de pista;1;1;0;0;0;0;1
21/05/2017;14:05:00;157;com vítima;648;BR-163/MS;Norte;Engavetamento;1;5;1;0;0;0;1
23/05/2017;05:48:00;33;com vítima;558;BR-163/MS;Norte;Colisão com veículos (frontal);1;2;2;2;0;0;2
23/05/2017;09:56:00;145;com vítima;479;BR-163/MS;Norte;Colisão com veículos (frontal);2;4;0;1;0;0;2
23/05/2017;11:17:00;176;sem vítima;458,3;BR-163/MS;Norte;Tombamento;1;3;0;0;0;0;1
23/05/2017;13:45:00;220;com vítima;432;BR-163/MS;Sul;Colisão c/ obstáculos;2;1;1;0;0;0;1
25/05/2017;08:39:00;121;com vítima;474,731;BR-163/MS;Sul;Colisão lateral no mesmo sentido;1;4;1;0;0;0;1
25/05/2017;08:51:00;126;sem vítima;364;BR-163/MS;Sul;Tombamento;1;1;0;0;0;0;1
25/05/2017;11:24:00;203;sem vítima;542;BR-163/MS;Sul;Colisão com veículos (traseira);2;5;0;0;0;0;1
28/05/2017;05:01:00;30;com vítima;479;BR-163/MS;Norte;Colisão com veículos (frontal);1;2;2;0;0;0;1
28/05/2017;05:13:00;31;com vítima;503,338;BR-163/MS;Sul;Colisão lateral no sentido contrário;1;1;0;1;0;0;2
28/05/2017;11:35:00;130;sem vítima;533;BR-163/MS;Sul;Colisão com veículos (traseira);1;4;0;0;0;0;1
28/05/2017;19:38:00;266;com vítima;814;BR-163/MS;Norte;Colisão com veículos (frontal);1;2;1;1;0;1;3
29/05/2017;17:33:00;303;com vítima;483,104;BR-163/MS;Sul;Saídas de pista;1;0;1;0;0;0;1
30/05/2017;03:26:00;14;sem vítima;22,497;BR-163/MS;Sul;Atropelamento de animais;1;1;0;0;0;0;1
31/05/2017;15:15:00;232;com vítima;367;BR-163/MS;Sul;Colisão com veículos (frontal);1;1;1;0;0;1;3
02/06/2017;00:12:00;2;sem vítima;275;BR-163/MS;Sul;Tombamento;1;2;0;0;0;0;1
02/06/2017;07:21:00;58;sem vítima;214;BR-163/MS;Norte;;1;2;0;0;0;0;1
03/06/2017;01:43:00;14;sem vítima;570,608;BR-163/MS;Sul;Colisão lateral no mesmo sentido;1;2;0;0;0;0;1
03/06/2017;18:38:00;300;com vítima;827,135;BR-163/MS;Norte;Tombamento;1;1;1;1;0;0;2
03/06/2017;19:47:00;311;com vítima;76,9;BR-163/MS;Sul;Colisão lateral no sentido contrário;1;2;0;0;1;0;2
04/06/2017;23:20:00;311;sem vítima;796;BR-163/MS;Norte;Atropelamento de animais;1;1;0;0;0;0;1
06/06/2017;18:31:00;297;sem vítima;265,732;BR-163/MS;Sul;Colisão c/ obstáculos;1;3;0;0;0;0;1
07/06/2017;21:41:00;345;com vítima;191,841;BR-163/MS;Sul;Tombamento;1;1;1;0;0;0;1
08/06/2017;09:20:00;127;sem vítima;548;BR-163/MS;Norte;Tombamento;1;3;0;0;0;0;1
08/06/2017;14:37:00;238;com vítima;103,8;BR-163/MS;Norte;Saídas de pista;1;0;1;0;0;0;1
08/06/2017;14:53:00;245;sem vítima;104;BR-163/MS;Sul;Colisão lateral no mesmo sentido;1;2;0;0;0;0;1
08/06/2017;17:01:00;272;sem vítima;256;BR-163/MS;Norte;Tombamento;1;1;0;0;0;0;1
08/06/2017;23:10:00;338;sem vítima;470,486;BR-163/MS;Sul;Tombamento;1;2;0;0;0;0;1
09/06/2017;13:59:00;220;sem vítima;14;BR-163/MS;Sul;Tombamento;2;4;0;0;0;0;1
11/06/2017;10:02:00;144;sem vítima;370,32;BR-163/MS;Sul;Colisão lateral no mesmo sentido;1;7;0;0;0;0;1
12/06/2017;02:40:00;7;com vítima;582,724;BR-163/MS;Norte;Tombamento;1;0;1;0;0;0;1
12/06/2017;05:21:00;21;com vítima;523,654;BR-163/MS;Sul;Colisão com veículos (traseira);1;2;0;0;0;1;3
14/06/2017;16:57:00;285;com vítima;19,5;BR-163/MS;Sul;Colisão com veículos (traseira);1;1;0;1;0;0;2
15/06/2017;08:38:00;92;sem vítima;103,8;BR-163/MS;Sul;Tombamento;1;1;0;0;0;0;1
15/06/2017;21:39:00;295;sem vítima;272,936;BR-163/MS;Norte;Tombamento;1;2;0;0;0;0;1
18/06/2017;13:52:00;192;sem vítima;541,345;BR-163/MS;Norte;Tombamento;1;2;0;0;0;0;1
18/06/2017;16:01:00;226;sem vítima;229;BR-163/MS;Norte;Colisão c/ obstáculos;1;2;0;0;0;0;1
19/06/2017;09:53:00;112;com vítima;259;BR-163/MS;Norte;Colisão com veículos (traseira);1;1;1;0;0;0;1
24/06/2017;05:22:00;21;sem vítima;700,7;BR-163/MS;Norte;Atropelamento de animais;1;2;0;0;0;0;1
27/06/2017;03:28:00;18;sem vítima;339,262;BR-163/MS;Norte;Tombamento;1;2;0;0;0;0;1
27/06/2017;07:18:00;41;sem vítima;159;BR-163/MS;Norte;Tombamento;1;3;0;0;0;0;1
28/06/2017;18:19:00;290;com vítima;490;BR-163/MS;Norte;Colisão lateral no mesmo sentido;1;2;2;0;0;0;1
30/06/2017;19:46:00;345;sem vítima;541,696;BR-163/MS;Sul;Colisão lateral no mesmo sentido;1;2;0;0;0;0;1
01/07/2017;06:46:00;52;sem vítima;61,5;BR-163/MS;Norte;Tombamento;1;1;0;0;0;0;1
01/07/2017;20:44:00;306;sem vítima;802,607;BR-163/MS;Sul;Atropelamento de animais;1;3;0;0;0;0;1