data;horario;n_da_ocorrencia;tipo_de_ocorrencia;km;trecho;sentido;tipo_de_acidente;caminhao;ilesos;levemente_feridos;moderadamente_feridos;gravemente_feridos;mortos;3
02/07/2017;14:14:00;167;com vítima;279,8;BR-163/MS;Norte;Tombamento;1;1;1;0;0;0;1
05/07/2017;15:08:00;238;com vítima;568,5;BR-163/MS;Norte;Capotamento;1;1;4;0;0;0;1
05/07/2017;16:29:00;256;sem vítima;72;BR-163/MS;Norte;Colisão com veículos (traseira);2;4;0;0;0;0;1
07/07/2017;07:32:00;55;sem vítima;543;BR-163/MS;Norte;Colisão c/ obstáculos;1;4;0;0;0;0;1
08/07/2017;21:55:00;322;com vítima;18,5;BR-163/MS;Sul;Colisão com veículos (traseira);1;1;1;0;0;0;1
11/07/2017;18:18:00;317;com vítima;691;BR-163/MS;Norte;Colisão com veículos (traseira);2;20;1;0;0;0;1
12/07/2017;13:11:00;219;sem vítima;466;BR-163/MS;Norte;Colisão c/ obstáculos;1;2;0;0;0;0;1
13/07/2017;07:38:00;67;sem vítima;181,6;BR-163/MS;Norte;Colisão com veículos (traseira);1;3;0;0;0;0;1
13/07/2017;08:22:00;101;sem vítima;181;BR-163/MS;Sul;Colisão c/ obstáculos;2;4;0;0;0;0;1
13/07/2017;13:50:00;228;com vítima;464,813;BR-163/MS;Norte;Engavetamento;4;9;1;0;0;3;3
15/07/2017;09:49:00;104;com vítima;487;BR-163/MS;Norte;Colisão lateral no sentido contrário;1;3;1;0;0;0;1
17/07/2017;07:16:00;63;sem vítima;563,429;BR-163/MS;Sul;Engavetamento;2;6;0;0;0;0;1
17/07/2017;13:13:00;180;sem vítima;660,659;BR-163/MS;Sul;Colisão lateral no mesmo sentido;2;8;0;0;0;0;1
18/07/2017;14:39:00;214;com vítima;666;BR-163/MS;Sul;Colisão lateral no mesmo sentido;2;3;1;0;0;0;1
18/07/2017;20:13:00;297;sem vítima;493,147;BR-163/MS;Norte;Colisão lateral no mesmo sentido;1;2;0;0;0;0;1
19/07/2017;14:46:00;224;sem vítima;567,99;BR-163/MS;Norte;Colisão lateral no mesmo sentido;1;5;0;0;0;0;1
20/07/2017;14:57:00;219;sem vítima;254,1;BR-163/MS;Sul;Colisão lateral no mesmo sentido;1;2;0;0;0;0;1
26/07/2017;20:48:00;322;com vítima;117,622;BR-163/MS;Norte;Colisão lateral no sentido contrário;1;3;0;1;0;0;2
27/07/2017;07:07:00;77;sem vítima;603,1;BR-163/MS;Sul;Colisão lateral no mesmo sentido;1;7;0;0;0;0;1
27/07/2017;08:35:00;113;sem vítima;156,709;BR-163/MS;Sul;Tombamento;1;2;0;0;0;0;1
27/07/2017;14:34:00;238;sem vítima;178,121;BR-163/MS;Norte;Tombamento;1;3;0;0;0;0;1
27/07/2017;21:13:00;345;com vítima;477;BR-163/MS;Norte;Colisão lateral no mesmo sentido;2;4;1;0;0;0;1
27/07/2017;21:33:00;348;com vítima;503;BR-163/MS;Norte;Colisão com veículos (frontal);1;2;2;0;0;0;1
29/07/2017;06:25:00;41;sem vítima;371;BR-163/MS;Sul;Colisão lateral no mesmo sentido;1;5;0;0;0;0;1
30/07/2017;22:06:00;270;com vítima;263,33;BR-163/MS;Norte;Colisão lateral no sentido contrário;1;2;1;0;0;1;3
31/07/2017;18:17:00;291;sem vítima;677;BR-163/MS;Norte;Colisão c/ obstáculos;1;2;0;0;0;0;1
02/08/2017;20:55:00;338;sem vítima;730;BR-163/MS;Sul;Colisão lateral no mesmo sentido;1;7;0;0;0;0;1
05/08/2017;21:00:00;257;com vítima;389,4;BR-163/MS;Norte;Tombamento;1;1;2;0;0;0;1
07/08/2017;19:55:00;342;sem vítima;702;BR-163/MS;Norte;Tombamento;1;2;0;0;0;0;1
08/08/2017;18:45:00;314;com vítima;328,28;BR-163/MS;Norte;Colisão lateral no sentido contrário;1;3;1;1;0;0;2
09/08/2017;07:06:00;71;com vítima;38,1;BR-163/MS;Norte;Colisão com veículos (traseira);1;1;1;0;0;0;1
09/08/2017;15:31:00;271;sem vítima;228;BR-163/MS;Norte;Colisão com veículos (traseira);1;2;0;0;0;0;1
10/08/2017;05:57:00;38;sem vítima;268;BR-163/MS;Sul;Colisão com veículos (traseira);1;4;0;0;0;0;1
10/08/2017;12:39:00;171;com vítima;253;BR-163/MS;Sul;Colisão lateral no sentido contrário;1;4;0;0;2;0;2
10/08/2017;15:12:00;224;com vítima;635,45;BR-163/MS;Sul;Capotamento;1;3;1;0;0;0;1
11/08/2017;05:26:00;49;sem vítima;126;BR-163/MS;Norte;Colisão c/ obstáculos;2;2;0;0;0;0;1
11/08/2017;09:44:00;142;sem vítima;239;BR-163/MS;Norte;Colisão lateral no mesmo sentido;3;3;0;0;0;0;1
11/08/2017;12:04:00;193;sem vítima;41,677;BR-163/MS;Sul;Atropelamento de animais;1;2;0;0;0;0;1
11/08/2017;12:10:00;195;com vítima;138;BR-163/MS;Sul;Capotamento;1;0;0;1;0;0;2
13/08/2017;09:56:00;110;sem vítima;654,358;BR-163/MS;Sul;Tombamento;1;3;0;0;0;0;1
13/08/2017;14:10:00;162;com vítima;263,158;BR-163/MS;Norte;Colisão c/ obstáculos;1;1;0;1;0;0;2
14/08/2017;04:34:00;47;sem vítima;311;BR-163/MS;Norte;Colisão c/ obstáculos;1;2;0;0;0;0;1
15/08/2017;12:38:00;155;sem vítima;486,81;BR-163/MS;Norte;Colisão c/ obstáculos;1;1;0;0;0;0;1
15/08/2017;13:46:00;175;com vítima;295,248;BR-163/MS;Norte;Capotamento;1;0;1;0;0;0;1
18/08/2017;15:39:00;263;com vítima;205;BR-163/MS;Norte;Colisão com veículos (traseira);1;1;1;0;0;0;1
18/08/2017;18:37:00;302;sem vítima;10,8;BR-163/MS;Sul;Colisão c/ obstáculos;1;1;0;0;0;0;1
19/08/2017;00:24:00;3;com vítima;544,137;BR-163/MS;Norte;Saídas de pista;1;1;1;0;0;0;1
19/08/2017;07:08:00;40;sem vítima;317;BR-163/MS;Norte;Colisão com veículos (traseira);1;3;0;0;0;0;1
21/08/2017;14:42:00;222;com vítima;486,925;BR-163/MS;Sul;Colisão com veículos (frontal);1;2;1;0;0;1;3
23/08/2017;08:50:00;111;sem vítima;49;BR-163/MS;Sul;Colisão c/ obstáculos;1;1;0;0;0;0;1
23/08/2017;13:00:00;193;com vítima;76,9;BR-163/MS;Sul;Colisão lateral no mesmo sentido;1;3;1;0;0;0;1
24/08/2017;00:11:00;1;sem vítima;70,1;BR-163/MS;Sul;Saídas de pista;1;3;0;0;0;0;1
24/08/2017;10:56:00;159;sem vítima;712,67;BR-163/MS;Sul;Tombamento;1;3;0;0;0;0;1
25/08/2017;13:18:00;203;com vítima;204,8;BR-163/MS;Sul;Tombamento;1;0;1;0;0;0;1
25/08/2017;19:46:00;336;sem vítima;478,8;BR-163/MS;Norte;Colisão com veículos (traseira);1;2;0;0;0;0;1
25/08/2017;20:40:00;349;com vítima;30;BR-163/MS;Norte;Tombamento;1;0;0;0;1;0;2
28/08/2017;17:19:00;289;sem vítima;267;BR-163/MS;Norte;Colisão lateral no mesmo sentido;2;2;0;0;0;0;1
29/08/2017;15:19:00;275;sem vítima;553,5;BR-163/MS;Sul;Colisão lateral no mesmo sentido;1;3;0;0;0;0;1
30/08/2017;05:05:00;25;sem vítima;509,36;BR-163/MS;Norte;Atropelamento de animais;1;1;0;0;0;0;1
31/08/2017;07:29:00;66;sem vítima;535,4;BR-163/MS;Norte;Colisão c/ obstáculos;1;1;0;0;0;0;1
31/08/2017;08:42:00;99;sem vítima;627,472;BR-163/MS;Norte;Tombamento;1;3;0;0;0;0;1
01/09/2017;14:25:00;240;com vítima;104;BR-163/MS;Norte;Colisão c/ obstáculos;1;0;1;0;0;0;1
01/09/2017;20:01:00;358;com vítima;443,8;BR-163/MS;Norte;Colisão lateral no sentido contrário;2;2;1;1;0;1;3
02/09/2017;21:36:00;322;sem vítima;183,9;BR-163/MS;Norte;Tombamento;1;2;0;0;0;0;1
03/09/2017;01:50:00;13;com vítima;143;BR-163/MS;Sul;Colisão com veículos (traseira);1;2;1;0;0;0;1
03/09/2017;05:21:00;28;com vítima;682,158;BR-163/MS;Norte;Colisão lateral no mesmo sentido;1;3;1;0;0;0;1
03/09/2017;09:16:00;84;com vítima;611,181;BR-163/MS;Norte;Colisão com veículos (traseira);2;2;0;1;0;0;2
03/09/2017;18:02:00;235;com vítima;366,4;BR-163/MS;Sul;Colisão com veículos (traseira);2;1;1;0;0;0;1
03/09/2017;18:13:00;238;com vítima;500,94;BR-163/MS;Sul;Colisão com veículos (frontal);1;3;0;1;0;1;3
03/09/2017;22:44:00;279;sem vítima;45;BR-163/MS;Norte;Atropelamento de animais;1;3;0;0;0;0;1
04/09/2017;21:49:00;343;sem vítima;660;BR-163/MS;Sul;Atropelamento de animais;1;2;0;0;0;0;1
07/09/2017;11:05:00;152;com vítima;470;BR-163/MS;Sul;Colisão lateral no sentido contrário;1;3;1;1;0;0;2
17/09/2017;12:46:00;168;com vítima;395,303;BR-163/MS;Norte;Colisão com veículos (frontal);1;0;1;0;0;1;3
17/09/2017;16:22:00;237;sem vítima;205,853;BR-163/MS;Sul;Tombamento;1;2;0;0;0;0;1
11/09/2017;02:58:00;15;sem vítima;466,482;BR-163/MS;Sul;Tombamento;1;2;0;0;0;0;1
11/09/2017;04:57:00;30;sem vítima;215,593;BR-163/MS;Sul;Tombamento;1;3;0;0;0;0;1
12/09/2017;04:56:00;52;com vítima;36,958;BR-163/MS;Norte;Engavetamento;3;5;3;2;1;0;2
14/09/2017;06:27:00;54;sem vítima;485;BR-163/MS;Sul;Colisão com veículos (traseira);3;3;0;0;0;0;1
14/09/2017;08:51:00;118;com vítima;411,6;BR-163/MS;Norte;Colisão com veículos (traseira);2;3;1;0;0;0;1
15/09/2017;20:37:00;357;com vítima;62,9;BR-163/MS;Sul;Tombamento;1;2;1;0;0;0;1
17/09/2017;21:31:00;314;sem vítima;151,79;BR-163/MS;Norte;Tombamento;1;1;0;0;0;0;1
18/09/2017;06:56:00;78;com vítima;477,725;BR-163/MS;Sul;Colisão lateral no mesmo sentido;1;2;1;0;0;0;1
19/09/2017;18:28:00;327;sem vítima;444,318;BR-163/MS;Norte;Colisão c/ obstáculos;1;3;0;0;0;0;1
20/09/2017;13:16:00;212;com vítima;475,752;BR-163/MS;Norte;Colisão lateral no sentido contrário;2;2;1;0;0;0;1
20/09/2017;14:20:00;231;sem vítima;634,476;BR-163/MS;Sul;Tombamento;1;2;0;0;0;0;1
20/09/2017;18:36:00;327;com vítima;721,641;BR-163/MS;Sul;Colisão com veículos (traseira);4;4;2;2;1;0;2
21/09/2017;19:19:00;320;com vítima;618,302;BR-163/MS;Norte;Colisão com veículos (frontal);1;3;0;0;0;1;3
23/09/2017;03:17:00;20;sem vítima;674,66;BR-163/MS;Norte;Atropelamento de animais;1;1;0;0;0;0;1
23/09/2017;08:41:00;106;com vítima;753,25;BR-163/MS;Norte;Colisão com veículos (frontal);1;3;0;0;0;1;3
24/09/2017;10:20:00;104;com vítima;159;BR-163/MS;Norte;Colisão com veículos (traseira);2;2;3;0;0;0;1
27/09/2017;22:34:00;366;sem vítima;50,74;BR-163/MS;Norte;Capotamento;1;1;0;0;0;0;1
28/09/2017;05:06:00;51;sem vítima;631,885;BR-163/MS;Sul;Colisão com veículos (traseira);1;3;0;0;0;0;1
28/09/2017;15:08:00;248;sem vítima;60;BR-163/MS;Sul;Colisão com veículos (traseira);2;4;0;0;0;0;1
30/09/2017;13:01:00;151;com vítima;737,941;BR-163/MS;Sul;Colisão lateral no mesmo sentido;2;3;0;0;1;0;2
01/10/2017;07:46:00;65;com vítima;212,8;BR-163/MS;Norte;Colisão com veículos (frontal);1;1;0;1;0;1;3
01/10/2017;22:15:00;262;sem vítima;513,33;BR-163/MS;Sul;Colisão c/ obstáculos;1;1;0;0;0;0;1
03/10/2017;06:58:00;49;com vítima;165;BR-163/MS;Sul;Tombamento;1;2;1;0;0;0;1
04/10/2017;05:30:00;49;sem vítima;263,471;BR-163/MS;Sul;Colisão com veículos (traseira);1;4;0;0;0;0;1
05/10/2017;18:17:00;331;com vítima;477,796;BR-163/MS;Norte;Colisão lateral no mesmo sentido;3;7;2;0;0;0;1
06/10/2017;15:10:00;258;sem vítima;348;BR-163/MS;Norte;Colisão com veículos (traseira);2;2;0;0;0;0;1
06/10/2017;16:20:00;275;sem vítima;36,222;BR-163/MS;Sul;Tombamento;1;2;0;0;0;0;1
08/10/2017;20:22:00;259;sem vítima;585;BR-163/MS;Norte;Tombamento;1;3;0;0;0;0;1
09/10/2017;15:01:00;244;sem vítima;84;BR-163/MS;Norte;Atropelamento de animais;1;1;0;0;0;0;1
10/10/2017;17:15:00;286;com vítima;564,118;BR-163/MS;Norte;Tombamento;1;2;1;0;0;0;1
11/10/2017;14:06:00;223;com vítima;485;BR-163/MS;Norte;Colisão com veículos (traseira);1;1;1;0;0;0;1
12/10/2017;12:26:00;150;com vítima;8;BR-163/MS;Norte;Colisão lateral no mesmo sentido;2;3;2;0;0;0;1
14/10/2017;09:53:00;90;com vítima;466,307;BR-163/MS;Norte;Tombamento;1;1;1;0;0;0;1
15/10/2017;14:33:00;173;sem vítima;177,95;BR-163/MS;Norte;Colisão com veículos (traseira);1;4;0;0;0;0;1
15/10/2017;19:11:00;286;sem vítima;485,155;BR-163/MS;Norte;Engavetamento;1;9;0;0;0;0;1
15/10/2017;19:50:00;300;com vítima;457,437;BR-163/MS;Sul;Colisão com veículos (frontal);1;0;1;0;0;1;3
16/10/2017;11:06:00;154;sem vítima;466;BR-163/MS;Norte;Colisão lateral no mesmo sentido;1;6;0;0;0;0;1
17/10/2017;19:51:00;367;com vítima;511,1;BR-163/MS;Norte;Colisão lateral no mesmo sentido;1;2;1;0;0;0;1
18/10/2017;13:06:00;239;com vítima;416,227;BR-163/MS;Sul;Tombamento;1;0;1;0;0;0;1
18/10/2017;15:42:00;292;sem vítima;471;BR-163/MS;Sul;Colisão lateral no mesmo sentido;2;6;0;0;0;0;1
19/10/2017;16:15:00;265;com vítima;476,281;BR-163/MS;Sul;Colisão lateral no sentido contrário;1;2;1;0;0;0;1
20/10/2017;05:44:00;60;com vítima;815,164;BR-163/MS;Norte;Colisão com veículos (frontal);1;2;0;1;0;0;2
20/10/2017;11:52:00;194;com vítima;491;BR-163/MS;Norte;Colisão lateral no mesmo sentido;1;4;1;0;0;0;1
20/10/2017;23:58:00;388;com vítima;496,85;BR-163/MS;Sul;Colisão lateral no mesmo sentido;1;2;1;0;0;0;1
21/10/2017;09:22:00;84;sem vítima;649;BR-163/MS;Norte;Colisão com veículos (traseira);1;2;0;0;0;0;1
23/10/2017;10:03:00;147;sem vítima;162,9;BR-163/MS;Norte;Tombamento;1;1;0;0;0;0;1
24/10/2017;16:34:00;247;sem vítima;179;BR-163/MS;Sul;Capotamento;1;6;0;0;0;0;1
25/10/2017;05:55:00;50;sem vítima;152,424;BR-163/MS;Norte;Tombamento;1;2;0;0;0;0;1
28/10/2017;05:31:00;45;sem vítima;451,445;BR-163/MS;Norte;Tombamento;1;2;0;0;0;0;1
30/10/2017;13:35:00;211;sem vítima;177,528;BR-163/MS;Sul;Capotamento;1;2;0;0;0;0;1
31/10/2017;00:59:00;4;sem vítima;70,8;BR-163/MS;Norte;Atropelamento de animais;1;3;0;0;0;0;1
31/10/2017;20:01:00;314;sem vítima;388,392;BR-163/MS;Norte;Colisão com veículos (traseira);1;5;0;0;0;0;1
01/11/2017;04:59:00;43;com vítima;444,28;BR-163/MS;Norte;Tombamento;1;0;1;0;0;0;1
05/11/2017;18:22:00;254;com vítima;452,572;BR-163/MS;Norte;Colisão c/ obstáculos;1;1;1;0;0;0;1
05/11/2017;21:11:00;291;sem vítima;477,725;BR-163/MS;Sul;Colisão lateral no mesmo sentido;1;4;0;0;0;0;1
06/11/2017;10:24:00;114;sem vítima;21,3;BR-163/MS;Sul;Engavetamento;1;6;0;0;0;0;1
07/11/2017;00:38:00;6;sem vítima;151,95;BR-163/MS;Sul;Atropelamento de animais;1;1;0;0;0;0;1
08/11/2017;05:24:00;21;sem vítima;485,246;BR-163/MS;Sul;Colisão com veículos (traseira);2;6;0;0;0;0;1
08/11/2017;18:20:00;287;com vítima;260,827;BR-163/MS;Sul;Colisão lateral no sentido contrário;1;1;0;0;1;0;2
08/11/2017;19:23:00;303;sem vítima;97,287;BR-163/MS;Sul;Colisão lateral no mesmo sentido;1;6;0;0;0;0;1
08/11/2017;19:41:00;308;sem vítima;36,9;BR-163/MS;Sul;Colisão c/ obstáculos;1;5;0;0;0;0;1
09/11/2017;15:21:00;242;com vítima;0,7;BR-163/MS;Norte;Tombamento;1;2;1;0;0;0;1
10/11/2017;16:16:00;276;sem vítima;272;BR-163/MS;Sul;Colisão c/ obstáculos;1;1;0;0;0;0;1
10/11/2017;20:53:00;336;com vítima;408,21;BR-163/MS;Norte;Colisão lateral no sentido contrário;1;2;0;0;0;1;3
12/11/2017;20:53:00;272;sem vítima;159,489;BR-163/MS;Sul;Colisão com veículos (traseira);2;4;0;0;0;0;1
14/11/2017;08:05:00;96;com vítima;480,771;BR-163/MS;Norte;Colisão com veículos (traseira);1;10;1;0;0;0;1
14/11/2017;15:57:00;241;com vítima;117;BR-163/MS;Sul;Colisão lateral no sentido contrário;1;3;1;1;0;0;2
15/11/2017;06:53:00;61;com vítima;378,937;BR-163/MS;Sul;Tombamento;1;1;1;0;0;0;1
18/11/2017;15:51:00;236;sem vítima;714;BR-163/MS;Norte;Colisão com veículos (traseira);2;3;0;0;0;0;1
18/11/2017;20:39:00;297;com vítima;725,258;BR-163/MS;Sul;Colisão lateral no sentido contrário;1;3;1;0;0;0;1
19/11/2017;07:14:00;49;sem vítima;705,2;BR-163/MS;Norte;Colisão c/ obstáculos;2;2;0;0;0;0;1
19/11/2017;17:07:00;225;sem vítima;790;BR-163/MS;Norte;Colisão com veículos (traseira);1;3;0;0;0;0;1
20/11/2017;13:32:00;202;sem vítima;785;BR-163/MS;Norte;Colisão c/ obstáculos;1;2;0;0;0;0;1
22/11/2017;13:43:00;169;com vítima;656,23;BR-163/MS;Sul;Colisão com veículos (traseira);2;2;1;0;0;0;1
22/11/2017;23:31:00;306;sem vítima;602,657;BR-163/MS;Norte;Colisão c/ obstáculos;2;2;0;0;0;0;1
23/11/2017;04:57:00;17;sem vítima;782,561;BR-163/MS;Sul;Colisão com veículos (traseira);1;4;0;0;0;0;1
23/11/2017;07:25:00;77;sem vítima;654,353;BR-163/MS;Sul;Tombamento;1;2;0;0;0;0;1
23/11/2017;17:36:00;274;sem vítima;188,34;BR-163/MS;Norte;Colisão com veículos (traseira);2;6;0;0;0;0;1
25/11/2017;08:48:00;94;sem vítima;6;BR-163/MS;Sul;Colisão lateral no sentido contrário;1;4;0;0;0;0;1
26/11/2017;17:21:00;247;sem vítima;193;BR-163/MS;Norte;Colisão lateral no mesmo sentido;2;6;0;0;0;0;1
26/11/2017;17:45:00;253;com vítima;490;BR-163/MS;Sul;Colisão lateral no mesmo sentido;1;1;2;1;0;0;2
29/11/2017;03:34:00;15;sem vítima;439,698;BR-163/MS;Sul;Atropelamento de animais;1;2;0;0;0;0;1
30/11/2017;17:38:00;310;com vítima;704,4;BR-163/MS;Norte;Colisão com veículos (frontal);1;0;2;0;0;2;3
01/12/2017;05:31:00;54;com vítima;468,78;BR-163/MS;Sul;Colisão com veículos (frontal);1;2;0;0;0;1;3
01/12/2017;15:51:00;246;sem vítima;172;BR-163/MS;Sul;Colisão com veículos (traseira);2;2;0;0;0;0;1
04/12/2017;07:32:00;79;com vítima;413;BR-163/MS;Sul;Colisão com veículos (traseira);2;3;1;0;0;0;1
04/12/2017;12:44:00;209;com vítima;443;BR-163/MS;Sul;Colisão lateral no mesmo sentido;2;5;1;1;0;0;2
04/12/2017;23:08:00;340;sem vítima;762,2;BR-163/MS;Norte;Tombamento;1;1;0;0;0;0;1
06/12/2017;04:57:00;51;sem vítima;544,17;BR-163/MS;Norte;Tombamento;1;1;0;0;0;0;1
06/12/2017;15:01:00;233;com vítima;479,83;BR-163/MS;Norte;Colisão c/ obstáculos;1;0;1;0;0;0;1
06/12/2017;21:39:00;330;sem vítima;723,755;BR-163/MS;Sul;Atropelamento de animais;1;3;0;0;0;0;1
08/12/2017;12:15:00;230;com vítima;809,67;BR-163/MS;Sul;Capotamento;1;0;1;1;0;0;2
10/12/2017;14:46:00;195;com vítima;668,5;BR-163/MS;Norte;Tombamento;1;2;4;0;0;0;1
11/12/2017;15:27:00;261;com vítima;497,531;BR-163/MS;Norte;Colisão com veículos (frontal);1;3;1;0;0;1;3
12/12/2017;19:49:00;360;sem vítima;648,991;BR-163/MS;Sul;Tombamento;1;3;0;0;0;0;1
13/12/2017;02:20:00;16;com vítima;309,453;BR-163/MS;Sul;Tombamento;1;0;1;0;0;0;1
14/12/2017;12:41:00;217;sem vítima;93,76;BR-163/MS;Sul;Colisão c/ obstáculos;1;2;0;0;0;0;1
14/12/2017;17:01:00;316;com vítima;77,21;BR-163/MS;Norte;Colisão lateral no sentido contrário;1;3;0;1;0;0;2
17/12/2017;16:16:00;267;sem vítima;484;BR-163/MS;Norte;Colisão com veículos (frontal);2;11;0;0;0;0;1
18/12/2017;00:42:00;6;sem vítima;159,604;BR-163/MS;Norte;Colisão c/ obstáculos;1;3;0;0;0;0;1
18/12/2017;12:52:00;249;sem vítima;475,176;BR-163/MS;Norte;Colisão com veículos (traseira);2;2;0;0;0;0;1
20/12/2017;04:07:00;54;com vítima;487;BR-163/MS;Sul;Colisão lateral no sentido contrário;2;1;1;0;0;0;1
20/12/2017;15:33:00;241;com vítima;777;BR-163/MS;Sul;Colisão com veículos (traseira);1;4;1;0;0;0;1
20/12/2017;16:56:00;266;sem vítima;374;BR-163/MS;Sul;Colisão com veículos (traseira);2;3;0;0;0;0;1
21/12/2017;06:59:00;90;sem vítima;443;BR-163/MS;Norte;Tombamento;1;2;0;0;0;0;1
21/12/2017;09:18:00;150;sem vítima;388;BR-163/MS;Sul;Colisão com veículos (traseira);1;7;0;0;0;0;1
22/12/2017;05:25:00;38;sem vítima;24,922;BR-163/MS;Sul;Saídas de pista;1;2;0;0;0;0;1
22/12/2017;05:27:00;39;sem vítima;475,886;BR-163/MS;Norte;Colisão lateral no mesmo sentido;1;5;0;0;0;0;1
22/12/2017;14:42:00;282;sem vítima;485,205;BR-163/MS;Norte;Engavetamento;1;5;0;0;0;0;1
24/12/2017;01:42:00;15;com vítima;276,4;BR-163/MS;Sul;Tombamento;1;0;1;0;0;0;1
28/12/2017;08:36:00;112;com vítima;206,5;BR-163/MS;Sul;Tombamento;1;0;1;0;0;0;1
31/12/2017;14:11:00;136;sem vítima;66,73;BR-163/MS;Norte;Colisão com veículos (frontal);1;5;0;0;0;0;1
02/01/2018;00:14:00;3;sem vítima;405;BR-163/MS;Sul;Colisão lateral no mesmo sentido;1;3;0;0;0;0;1
03/01/2018;13:38:00;187;sem vítima;466,639;BR-163/MS;Sul;Colisão com veículos (traseira);1;5;0;0;0;0;1
03/01/2018;14:58:00;217;com vítima;62,8;BR-163/MS;Sul;Colisão com veículos (traseira);1;5;1;1;0;0;2
04/01/2018;11:02:00;178;com vítima;399,945;BR-163/MS;Norte;Colisão com veículos (frontal);1;2;1;0;0;0;1
04/01/2018;16:19:00;275;com vítima;487,461;BR-163/MS;Norte;Colisão lateral no mesmo sentido;1;2;2;0;0;0;1
04/01/2018;22:17:00;374;sem vítima;21,71;BR-163/MS;Norte;Colisão c/ obstáculos;1;1;0;0;0;0;1
04/01/2018;23:59:00;395;com vítima;614,708;BR-163/MS;Norte;Colisão lateral no sentido contrário;1;1;1;0;0;0;1
05/01/2018;13:44:00;261;sem vítima;444,5;BR-163/MS;Norte;Colisão c/ obstáculos;1;1;0;0;0;0;1
07/01/2018;18:04:00;277;com vítima;350;BR-163/MS;Sul;Saídas de pista;1;1;1;0;0;0;1
08/01/2018;16:30:00;254;sem vítima;676;BR-163/MS;Sul;Colisão c/ obstáculos;1;1;0;0;0;0;1
11/01/2018;23:58:00;416;com vítima;667,113;BR-163/MS;Norte;Tombamento;1;1;1;0;0;0;1
12/01/2018;09:30:00;127;sem vítima;727;BR-163/MS;Sul;Colisão lateral no sentido contrário;1;2;0;0;0;0;1
13/01/2018;03:42:00;17;com vítima;430,152;BR-163/MS;Norte;Colisão c/ obstáculos;1;1;1;0;0;0;1
14/01/2018;09:00:00;90;sem vítima;677;BR-163/MS;Norte;Colisão com veículos (traseira);3;7;0;0;0;0;1
14/01/2018;18:40:00;240;sem vítima;558,872;BR-163/MS;Sul;Colisão c/ obstáculos;1;3;0;0;0;0;1
18/01/2018;10:49:00;155;com vítima;255,391;BR-163/MS;Sul;Colisão com veículos (traseira);2;2;1;0;0;0;1
18/01/2018;19:33:00;341;com vítima;837;BR-163/MS;Sul;Colisão com veículos (traseira);1;40;1;0;0;0;1
19/01/2018;14:54:00;305;sem vítima;243;BR-163/MS;Norte;Colisão lateral no mesmo sentido;1;6;0;0;0;0;1
20/01/2018;09:41:00;134;com vítima;364;BR-163/MS;Norte;Tombamento;1;1;1;0;0;0;1
22/01/2018;09:06:00;141;com vítima;698,292;BR-163/MS;Sul;Tombamento;2;2;1;0;0;0;1
22/01/2018;16:38:00;305;sem vítima;575,234;BR-163/MS;Sul;Colisão lateral no sentido contrário;2;5;0;0;0;0;1
23/01/2018;04:07:00;46;com vítima;626,578;BR-163/MS;Sul;Tombamento;1;0;2;0;0;0;1
23/01/2018;04:11:00;49;sem vítima;654,301;BR-163/MS;Sul;Atropelamento de animais;1;2;0;0;0;0;1
23/01/2018;07:56:00;103;sem vítima;620;BR-163/MS;Sul;Engavetamento;3;9;0;0;0;0;1
24/01/2018;10:20:00;170;sem vítima;67;BR-163/MS;Norte;Colisão com veículos (traseira);2;5;0;0;0;0;1
24/01/2018;10:58:00;186;sem vítima;466,433;BR-163/MS;Norte;Tombamento;1;4;0;0;0;0;1
24/01/2018;13:00:00;217;sem vítima;444,374;BR-163/MS;Sul;Colisão com veículos (traseira);2;6;0;0;0;0;1
25/01/2018;18:17:00;391;sem vítima;498,8;BR-163/MS;Sul;Colisão com veículos (traseira);2;5;0;0;0;0;1
26/01/2018;23:22:00;415;sem vítima;225,293;BR-163/MS;Norte;Colisão c/ obstáculos;1;2;0;0;0;0;1
27/01/2018;18:59:00;319;com vítima;809,48;BR-163/MS;Norte;Colisão lateral no mesmo sentido;2;3;1;0;0;0;1
28/01/2018;02:53:00;15;sem vítima;823,584;BR-163/MS;Sul;Colisão c/ obstáculos;1;4;0;0;0;0;1
29/01/2018;15:11:00;297;sem vítima;748,877;BR-163/MS;Sul;Colisão lateral no mesmo sentido;1;6;0;0;0;0;1
30/01/2018;11:06:00;154;sem vítima;89;BR-163/MS;Norte;Saídas de pista;1;4;0;0;0;0;1
31/01/2018;01:04:00;17;sem vítima;385;BR-163/MS;Norte;Capotamento;1;1;0;0;0;0;1
02/03/2018;15:28:00;332;com vítima;681,448;BR-163/MS;Norte;Colisão lateral no sentido contrário;1;3;1;0;0;0;1
02/03/2018;16:06:00;344;com vítima;600,567;BR-163/MS;Sul;Tombamento;1;1;0;0;1;0;2