data;horario;n_da_ocorrencia;tipo_de_ocorrencia;km;trecho;sentido;tipo_de_acidente;caminhao;ilesos;levemente_feridos;moderadamente_feridos;gravemente_feridos;mortos;3
03/03/2018;06:25:00;42;com vítima;556,26;BR-163/MS;Norte;Colisão com veículos (frontal);1;2;0;0;0;1;3
04/03/2018;23:10:00;332;sem vítima;570,574;BR-163/MS;Norte;Colisão c/ obstáculos;1;4;0;0;0;0;1
05/03/2018;11:04:00;163;sem vítima;15,993;BR-163/MS;Norte;Colisão com veículos (traseira);1;5;0;0;0;0;1
05/03/2018;16:10:00;252;com vítima;548;BR-163/MS;Norte;Colisão lateral no sentido contrário;1;2;1;0;0;0;1
06/03/2018;10:35:00;142;com vítima;462;BR-163/MS;Norte;Capotamento;1;0;1;1;0;0;2
06/03/2018;18:52:00;296;sem vítima;616;BR-163/MS;Norte;Colisão lateral no sentido contrário;1;3;0;0;0;0;1
08/03/2018;16:09:00;303;sem vítima;222;BR-163/MS;Sul;Colisão com veículos (traseira);1;6;0;0;0;0;1
11/03/2018;05:30:00;38;com vítima;777,44;BR-163/MS;Norte;Colisão com veículos (traseira);1;3;2;0;0;0;1
12/03/2018;12:33:00;224;com vítima;818;BR-163/MS;Sul;Colisão c/ obstáculos;2;1;1;0;0;0;1
13/03/2018;00:28:00;5;sem vítima;575;BR-163/MS;Sul;Atropelamento de animais;1;2;0;0;0;0;1
13/03/2018;21:27:00;394;sem vítima;465;BR-163/MS;Sul;Atropelamento de animais;1;2;0;0;0;0;1
19/03/2018;05:30:00;52;sem vítima;649,69;BR-163/MS;Sul;Tombamento;1;2;0;0;0;0;1
20/03/2018;08:12:00;114;sem vítima;712,843;BR-163/MS;Sul;Colisão c/ obstáculos;1;1;0;0;0;0;1
20/03/2018;16:48:00;264;sem vítima;99;BR-163/MS;Norte;Colisão c/ obstáculos;1;5;0;0;0;0;1
22/03/2018;14:45:00;251;com vítima;480,2;BR-163/MS;Norte;Colisão com veículos (traseira);2;3;1;0;0;0;1
22/03/2018;19:20:00;326;sem vítima;382;BR-163/MS;Norte;Colisão com veículos (traseira);3;4;0;0;0;0;1
22/03/2018;20:01:00;335;com vítima;131,99;BR-163/MS;Sul;Engavetamento;1;1;3;0;0;0;1
23/03/2018;14:08:00;214;sem vítima;266;BR-163/MS;Sul;Colisão com veículos (traseira);2;3;0;0;0;0;1
24/03/2018;02:41:00;32;com vítima;600;BR-163/MS;Norte;Tombamento;1;2;2;0;0;0;1
25/03/2018;19:35:00;222;com vítima;205;BR-163/MS;Sul;Tombamento;1;0;0;1;0;0;2
27/03/2018;15:14:00;216;sem vítima;480,895;BR-163/MS;Sul;Colisão c/ obstáculos;1;1;0;0;0;0;1
28/03/2018;04:17:00;15;sem vítima;455,4;BR-163/MS;Sul;Saídas de pista;2;5;0;0;0;0;1
28/03/2018;08:34:00;80;com vítima;503,55;BR-163/MS;Norte;Colisão com veículos (traseira);1;1;1;0;0;0;1
28/03/2018;14:39:00;191;com vítima;571;BR-163/MS;Sul;Tombamento;1;2;1;0;0;0;1
29/03/2018;03:32:00;26;com vítima;680;BR-163/MS;Sul;Colisão c/ obstáculos;1;4;0;0;1;0;2
01/02/2018;07:35:00;68;com vítima;475,779;BR-163/MS;Sul;Colisão lateral no sentido contrário;2;3;1;0;0;0;1
01/02/2018;07:55:00;78;sem vítima;299;BR-163/MS;Norte;Colisão com veículos (traseira);1;2;0;0;0;0;1
02/02/2018;10:00:00;161;com vítima;355;BR-163/MS;Norte;Colisão lateral no mesmo sentido;1;4;1;0;0;0;1
02/02/2018;21:03:00;413;sem vítima;154,457;BR-163/MS;Norte;Engavetamento;3;6;0;0;0;0;1
03/02/2018;11:46:00;191;com vítima;599,34;BR-163/MS;Sul;Colisão lateral no sentido contrário;1;4;3;0;0;0;1
03/02/2018;17:33:00;303;sem vítima;645,8;BR-163/MS;Norte;Tombamento;1;1;0;0;0;0;1
04/02/2018;07:03:00;52;com vítima;609,259;BR-163/MS;Sul;Tombamento;1;2;1;0;0;0;1
05/02/2018;19:42:00;317;com vítima;324,519;BR-163/MS;Norte;Colisão lateral no sentido contrário;1;2;4;1;0;0;2
06/02/2018;03:07:00;25;sem vítima;787,461;BR-163/MS;Norte;Atropelamento de animais;1;1;0;0;0;0;1
06/02/2018;07:16:00;74;sem vítima;466;BR-163/MS;Norte;Colisão com veículos (traseira);1;3;0;0;0;0;1
06/02/2018;18:12:00;316;sem vítima;453,972;BR-163/MS;Sul;Colisão c/ obstáculos;1;1;0;0;0;0;1
07/02/2018;14:00:00;249;sem vítima;254,6;BR-163/MS;Sul;Colisão com veículos (traseira);1;2;0;0;0;0;1
07/02/2018;14:42:00;267;sem vítima;124;BR-163/MS;Norte;Tombamento;1;2;0;0;0;0;1
07/02/2018;15:42:00;294;com vítima;601,795;BR-163/MS;Sul;Colisão lateral no mesmo sentido;1;6;1;0;0;0;1
07/02/2018;20:47:00;375;sem vítima;367,231;BR-163/MS;Sul;Tombamento;1;2;0;0;0;0;1
09/02/2018;15:12:00;244;sem vítima;186;BR-163/MS;Norte;Colisão lateral no mesmo sentido;1;4;0;0;0;0;1
10/02/2018;10:59:00;123;sem vítima;670;BR-163/MS;Norte;Colisão lateral no sentido contrário;1;5;0;0;0;0;1
11/02/2018;11:06:00;130;sem vítima;784,933;BR-163/MS;Norte;Tombamento;1;4;0;0;0;0;1
14/02/2018;03:50:00;43;com vítima;327,848;BR-163/MS;Norte;Colisão com veículos (traseira);1;2;1;0;0;0;1
15/02/2018;11:41:00;178;sem vítima;615;BR-163/MS;Norte;Colisão lateral no sentido contrário;1;2;0;0;0;0;1
18/02/2018;20:30:00;269;sem vítima;529;BR-163/MS;Norte;Colisão lateral no sentido contrário;1;4;0;0;0;0;1
19/02/2018;11:20:00;129;com vítima;451,781;BR-163/MS;Sul;Tombamento;1;2;1;0;0;0;1
22/02/2018;13:57:00;229;sem vítima;737;BR-163/MS;Sul;Saídas de pista;1;2;0;0;0;0;1
22/02/2018;22:56:00;389;sem vítima;701,15;BR-163/MS;Sul;Atropelamento de animais;1;1;0;0;0;0;1
24/02/2018;14:39:00;207;com vítima;806,706;BR-163/MS;Norte;Saídas de pista;1;0;2;0;0;0;1
25/02/2018;15:14:00;175;com vítima;525,475;BR-163/MS;Norte;Tombamento;1;1;1;0;0;0;1
27/02/2018;05:05:00;29;com vítima;722;BR-163/MS;Norte;Colisão com veículos (frontal);2;1;1;0;0;1;3
27/02/2018;05:36:00;31;com vítima;276;BR-163/MS;Sul;Tombamento;1;2;0;0;0;1;3
27/02/2018;06:01:00;35;com vítima;575;BR-163/MS;Sul;Colisão lateral no sentido contrário;1;4;1;0;0;0;1
27/02/2018;18:38:00;321;sem vítima;490,633;BR-163/MS;Norte;Colisão com veículos (traseira);1;4;0;0;0;0;1
27/02/2018;20:30:00;352;sem vítima;476,701;BR-163/MS;Sul;Engavetamento;1;7;0;0;0;0;1
02/04/2018;18:45:00;297;sem vítima;615;BR-163/MS;Norte;Colisão lateral no sentido contrário;1;2;0;0;0;0;1
03/04/2018;13:11:00;180;sem vítima;604,193;BR-163/MS;Norte;Tombamento;1;3;0;0;0;0;1
03/04/2018;14:16:00;201;com vítima;123,8;BR-163/MS;Norte;Colisão lateral no mesmo sentido;1;1;1;0;0;0;1
04/04/2018;04:46:00;35;sem vítima;21,23;BR-163/MS;Norte;Tombamento;2;2;0;0;0;0;1
05/04/2018;06:54:00;84;sem vítima;705;BR-163/MS;Norte;Capotamento;1;3;0;0;0;0;1
05/04/2018;14:57:00;257;com vítima;555,814;BR-163/MS;Norte;Tombamento;1;2;1;0;0;0;1
09/04/2018;11:19:00;183;sem vítima;472;BR-163/MS;Norte;Colisão c/ obstáculos;1;1;0;0;0;0;1
09/04/2018;14:17:00;244;com vítima;306;BR-163/MS;Norte;Tombamento;1;0;1;0;0;0;1
10/04/2018;16:59:00;257;sem vítima;479,751;BR-163/MS;Sul;Colisão com veículos (traseira);1;4;0;0;0;0;1
17/04/2018;22:14:00;316;sem vítima;667;BR-163/MS;Norte;Saídas de pista;1;3;0;0;0;0;1
18/04/2018;06:45:00;53;com vítima;466,49;BR-163/MS;Sul;Tombamento;1;1;1;0;0;0;1
18/04/2018;19:01:00;344;sem vítima;395;BR-163/MS;Norte;Atropelamento de animais;1;1;0;0;0;0;1
19/04/2018;12:33:00;184;com vítima;20;BR-163/MS;Sul;Tombamento;1;1;1;0;0;0;1
20/04/2018;07:09:00;47;com vítima;575,271;BR-163/MS;Norte;Colisão lateral no sentido contrário;1;2;1;0;0;0;1
20/04/2018;13:54:00;210;com vítima;473;BR-163/MS;Norte;Colisão lateral no mesmo sentido;2;2;1;1;0;0;2
23/04/2018;20:31:00;343;com vítima;493,938;BR-163/MS;Norte;Colisão com veículos (traseira);1;1;1;0;0;0;1
24/04/2018;14:06:00;232;sem vítima;134;BR-163/MS;Sul;Colisão com veículos (traseira);2;2;0;0;0;0;1
25/04/2018;21:09:00;328;com vítima;603,326;BR-163/MS;Norte;Colisão com veículos (traseira);2;3;1;0;0;0;1
26/04/2018;08:39:00;121;sem vítima;475,69;BR-163/MS;Sul;Colisão com veículos (traseira);1;4;0;0;0;0;1
26/04/2018;20:09:00;324;sem vítima;373,888;BR-163/MS;Norte;Colisão c/ obstáculos;1;3;0;0;0;0;1
27/04/2018;14:23:00;311;sem vítima;466,489;BR-163/MS;Norte;Tombamento;1;2;0;0;0;0;1
27/04/2018;14:33:00;313;sem vítima;247;BR-163/MS;Sul;Colisão com veículos (frontal);1;2;0;0;0;0;1
27/04/2018;23:02:00;432;sem vítima;296;BR-163/MS;Norte;Colisão lateral no mesmo sentido;1;3;0;0;0;0;1
29/04/2018;21:30:00;303;com vítima;556,688;BR-163/MS;Norte;Colisão com veículos (traseira);2;2;0;1;0;0;2
30/04/2018;22:55:00;325;sem vítima;241,239;BR-163/MS;Sul;Colisão com veículos (traseira);2;3;0;0;0;0;1
01/05/2018;05:51:00;32;com vítima;486,355;BR-163/MS;Norte;Colisão lateral no sentido contrário;1;1;1;0;0;0;1
01/05/2018;06:41:00;40;sem vítima;13,95;BR-163/MS;Sul;Tombamento;1;4;0;0;0;0;1
02/05/2018;18:20:00;299;sem vítima;256;BR-163/MS;Norte;Colisão lateral no mesmo sentido;1;2;0;0;0;0;1
05/05/2018;11:36:00;184;sem vítima;466,322;BR-163/MS;Sul;Tombamento;1;2;0;0;0;0;1
05/05/2018;14:20:00;231;com vítima;648,575;BR-163/MS;Norte;Tombamento;1;3;1;0;0;0;1
05/05/2018;16:14:00;276;sem vítima;615,8;BR-163/MS;Norte;Colisão lateral no sentido contrário;1;3;0;0;0;0;1
05/05/2018;20:10:00;339;sem vítima;187,249;BR-163/MS;Sul;Colisão lateral no mesmo sentido;1;4;0;0;0;0;1
07/05/2018;09:45:00;156;com vítima;77;BR-163/MS;Sul;Colisão lateral no mesmo sentido;1;1;1;0;0;0;1
07/05/2018;10:08:00;161;com vítima;842,86;BR-163/MS;Sul;Capotamento;1;2;1;0;0;0;1
07/05/2018;11:10:00;177;com vítima;82,577;BR-163/MS;Norte;Colisão com veículos (traseira);3;3;1;0;0;0;1
08/05/2018;04:13:00;31;sem vítima;248;BR-163/MS;Norte;Colisão c/ obstáculos;1;1;0;0;0;0;1
09/05/2018;23:37:00;348;sem vítima;523;BR-163/MS;Sul;Colisão c/ obstáculos;1;3;0;0;0;0;1
10/05/2018;12:57:00;202;com vítima;252,7;BR-163/MS;Sul;Atropelamento de pedestre;1;1;1;0;1;0;2
10/05/2018;20:55:00;311;sem vítima;691;BR-163/MS;Norte;Colisão com veículos (traseira);2;5;0;0;0;0;1
11/05/2018;12:53:00;204;com vítima;403;BR-163/MS;Norte;Engavetamento;1;2;10;0;0;0;1
14/05/2018;15:18:00;235;com vítima;440,435;BR-163/MS;Sul;Engavetamento;2;7;4;1;0;0;2
15/05/2018;20:59:00;301;sem vítima;151,919;BR-163/MS;Sul;Tombamento;1;3;0;0;0;0;1
16/05/2018;06:49:00;47;com vítima;570,761;BR-163/MS;Sul;Colisão lateral no mesmo sentido;2;4;1;0;0;0;1
17/05/2018;18:24:00;308;sem vítima;350,72;BR-163/MS;Norte;Tombamento;1;4;0;0;0;0;1
20/05/2018;20:52:00;244;sem vítima;157,6;BR-163/MS;Norte;Atropelamento de animais;1;4;0;0;0;0;1
21/05/2018;10:37:00;145;sem vítima;113;BR-163/MS;Sul;Colisão c/ obstáculos;1;2;0;0;0;0;1
21/05/2018;15:22:00;216;sem vítima;147;BR-163/MS;Norte;Colisão com veículos (traseira);2;6;0;0;0;0;1
01/07/2018;11:24:00;133;sem vítima;271;BR-163/MS;Norte;Colisão c/ obstáculos;1;3;0;0;0;0;1
01/07/2018;17:35:00;231;com vítima;32,875;BR-163/MS;Norte;Tombamento;1;0;0;1;0;0;2
02/07/2018;15:04:00;210;com vítima;607,633;BR-163/MS;Sul;Tombamento;1;2;1;0;0;0;1
03/07/2018;04:36:00;25;com vítima;699,872;BR-163/MS;Norte;Colisão com veículos (traseira);1;1;1;0;0;0;1
04/07/2018;06:08:00;35;com vítima;267,882;BR-163/MS;Sul;Tombamento;1;2;1;0;0;0;1
04/07/2018;09:10:00;106;com vítima;536,78;BR-163/MS;Sul;Engavetamento;1;2;2;0;0;0;1
05/07/2018;07:46:00;90;com vítima;490,586;BR-163/MS;Sul;Tombamento;1;1;1;0;0;0;1
06/07/2018;04:59:00;28;com vítima;692,966;BR-163/MS;Norte;Saídas de pista;1;2;1;0;0;0;1
06/07/2018;08:59:00;115;sem vítima;413,235;BR-163/MS;Sul;Colisão c/ obstáculos;1;2;0;0;0;0;1
07/07/2018;07:10:00;56;com vítima;727,5;BR-163/MS;Norte;Colisão com veículos (frontal);1;2;2;1;0;0;2
08/07/2018;13:32:00;147;com vítima;388,67;BR-163/MS;Sul;Colisão lateral no sentido contrário;1;2;1;0;0;0;1
09/07/2018;14:42:00;215;sem vítima;113;BR-163/MS;Sul;Colisão c/ obstáculos;1;1;0;0;0;0;1
10/07/2018;03:50:00;33;com vítima;350,433;BR-163/MS;Sul;Tombamento;1;0;1;0;0;0;1
10/07/2018;14:04:00;206;sem vítima;154,7;BR-163/MS;Norte;Colisão com veículos (traseira);2;5;0;0;0;0;1
11/07/2018;10:19:00;168;com vítima;113,308;BR-163/MS;Sul;Colisão com veículos (traseira);2;5;1;0;0;0;1
11/07/2018;15:54:00;308;com vítima;476,902;BR-163/MS;Sul;Engavetamento;2;4;1;0;0;0;1
11/07/2018;19:07:00;380;com vítima;238;BR-163/MS;Norte;Tombamento de moto;1;1;1;0;0;0;1
11/07/2018;20:37:00;396;sem vítima;56;BR-163/MS;Norte;Tombamento;2;2;0;0;0;0;1
12/07/2018;13:57:00;266;sem vítima;227;BR-163/MS;Sul;Colisão lateral no mesmo sentido;2;5;0;0;0;0;1
14/07/2018;21:05:00;273;sem vítima;229,4;BR-163/MS;Sul;Atropelamento de animais;1;2;0;0;0;0;1
14/07/2018;22:06:00;282;sem vítima;360,93;BR-163/MS;Sul;Atropelamento de animais;1;3;0;0;0;0;1
15/07/2018;09:27:00;103;sem vítima;702;BR-163/MS;Sul;Colisão c/ obstáculos;1;3;0;0;0;0;1
16/07/2018;15:58:00;231;sem vítima;270;BR-163/MS;Norte;Colisão lateral no mesmo sentido;1;3;0;0;0;0;1
17/07/2018;05:50:00;48;sem vítima;834,717;BR-163/MS;Norte;Atropelamento de animais;1;1;0;0;0;0;1
17/07/2018;15:47:00;231;com vítima;808;BR-163/MS;Sul;Colisão lateral no sentido contrário;1;0;7;0;0;0;1
17/07/2018;23:06:00;315;sem vítima;349;BR-163/MS;Norte;Saídas de pista;1;2;0;0;0;0;1
19/07/2018;11:06:00;188;sem vítima;155,401;BR-163/MS;Norte;Colisão com veículos (traseira);1;4;0;0;0;0;1
20/07/2018;05:36:00;42;com vítima;313,421;BR-163/MS;Norte;Colisão com veículos (traseira);1;4;1;0;0;0;1
20/07/2018;11:16:00;197;com vítima;810,89;BR-163/MS;Norte;Colisão com veículos (traseira);2;1;0;0;1;0;2
21/07/2018;08:13:00;69;com vítima;192;BR-163/MS;Sul;Colisão com veículos (traseira);1;2;1;0;0;0;1
21/07/2018;11:26:00;135;com vítima;124,8;BR-163/MS;Norte;Tombamento;1;2;0;1;0;0;2
21/07/2018;16:53:00;247;sem vítima;207;BR-163/MS;Sul;Colisão com veículos (traseira);2;4;0;0;0;0;1
22/07/2018;21:14:00;263;sem vítima;98;BR-163/MS;Sul;Atropelamento de animais;1;1;0;0;0;0;1
24/07/2018;18:11:00;281;sem vítima;676,283;BR-163/MS;Norte;Atropelamento de animais;1;4;0;0;0;0;1
25/07/2018;11:50:00;201;sem vítima;487;BR-163/MS;Sul;Colisão lateral no mesmo sentido;1;4;0;0;0;0;1
25/07/2018;12:22:00;212;com vítima;475;BR-163/MS;Sul;Colisão lateral no sentido contrário;1;3;1;0;1;0;2
25/07/2018;13:53:00;239;sem vítima;85;BR-163/MS;Sul;Tombamento;1;3;0;0;0;0;1
25/07/2018;21:51:00;375;sem vítima;204;BR-163/MS;Sul;Tombamento;1;2;0;0;0;0;1
26/07/2018;13:00:00;210;com vítima;564,613;BR-163/MS;Norte;Tombamento;1;2;1;0;0;0;1
26/07/2018;17:04:00;293;sem vítima;263,554;BR-163/MS;Norte;Colisão com veículos (traseira);1;3;0;0;0;0;1
26/07/2018;18:21:00;314;sem vítima;568;BR-163/MS;Norte;Saídas de pista;1;3;0;0;0;0;1
26/07/2018;19:59:00;334;sem vítima;810,445;BR-163/MS;Sul;Atropelamento de animais;1;1;0;0;0;0;1
27/07/2018;15:18:00;243;com vítima;277;BR-163/MS;Sul;Colisão com veículos (traseira);1;3;1;1;0;0;2
28/07/2018;10:44:00;121;com vítima;376,248;BR-163/MS;Sul;Tombamento;1;2;1;0;0;0;1
28/07/2018;10:40:00;120;sem vítima;636,5;BR-163/MS;Norte;Engavetamento;2;4;0;0;0;0;1
29/07/2018;13:57:00;161;com vítima;477,647;BR-163/MS;Norte;Colisão com veículos (traseira);1;4;1;1;0;0;2
01/08/2018;12:35:00;195;com vítima;119,16;BR-163/MS;Norte;Colisão com veículos (traseira);1;5;1;0;0;0;1
01/08/2018;20:45:00;320;sem vítima;123,397;BR-163/MS;Norte;Atropelamento de animais;1;3;0;0;0;0;1
02/08/2018;14:10:00;229;com vítima;434,392;BR-163/MS;Sul;Tombamento;1;1;1;0;0;0;1
03/08/2018;15:50:00;257;sem vítima;258;BR-163/MS;Sul;Colisão com veículos (traseira);1;2;0;0;0;0;1
06/08/2018;16:11:00;333;com vítima;474,733;BR-163/MS;Sul;Colisão lateral no sentido contrário;1;2;1;0;0;0;1
07/08/2018;14:50:00;252;sem vítima;679,5;BR-163/MS;Norte;Tombamento;1;4;0;0;0;0;1
08/08/2018;16:43:00;242;com vítima;726,893;BR-163/MS;Norte;Colisão lateral no sentido contrário;1;5;1;0;0;0;1
11/08/2018;01:44:00;21;sem vítima;432,97;BR-163/MS;Norte;Colisão c/ obstáculos;1;4;0;0;0;0;1
11/08/2018;16:26:00;249;sem vítima;52,467;BR-163/MS;Norte;Colisão com veículos (traseira);1;5;0;0;0;0;1
13/08/2018;20:28:00;308;sem vítima;650;BR-163/MS;Sul;Tombamento;1;2;0;0;0;0;1
14/08/2018;13:34:00;201;com vítima;466,3;BR-163/MS;Sul;Tombamento;1;1;1;0;0;0;1
14/08/2018;15:37:00;250;sem vítima;206;BR-163/MS;Sul;Colisão c/ obstáculos;1;2;0;0;0;0;1
15/08/2018;19:40:00;301;com vítima;413,429;BR-163/MS;Sul;Colisão lateral no mesmo sentido;1;1;0;1;0;0;2
16/08/2018;00:53:00;7;com vítima;607,274;BR-163/MS;Norte;Colisão c/ obstáculos;1;0;0;1;0;0;2
16/08/2018;06:37:00;51;sem vítima;65;BR-163/MS;Sul;Colisão lateral no mesmo sentido;2;6;0;0;0;0;1
16/08/2018;14:08:00;214;com vítima;479,969;BR-163/MS;Sul;Colisão com veículos (traseira);1;3;1;0;0;0;1
19/08/2018;05:43:00;42;com vítima;477;BR-163/MS;Norte;Colisão c/ obstáculos;1;7;1;0;0;0;1
21/08/2018;20:06:00;343;sem vítima;6,847;BR-163/MS;Sul;Colisão c/ obstáculos;2;5;0;0;0;0;1
22/08/2018;13:32:00;182;sem vítima;155;BR-163/MS;Norte;Tombamento;1;1;0;0;0;0;1
22/08/2018;19:29:00;266;sem vítima;530,34;BR-163/MS;Sul;Tombamento;1;2;0;0;0;0;1
23/08/2018;16:12:00;264;com vítima;250;BR-163/MS;Sul;Engavetamento;1;5;1;0;0;0;1
23/08/2018;21:26:00;331;sem vítima;678,875;BR-163/MS;Norte;Colisão c/ obstáculos;1;1;0;0;0;0;1
25/08/2018;09:54:00;134;sem vítima;568,553;BR-163/MS;Norte;Engavetamento;2;10;0;0;0;0;1
26/08/2018;14:14:00;166;sem vítima;439,587;BR-163/MS;Sul;Colisão lateral no mesmo sentido;2;6;0;0;0;0;1
27/08/2018;11:34:00;167;sem vítima;227;BR-163/MS;Norte;Colisão c/ obstáculos;1;1;0;0;0;0;1
27/08/2018;03:31:00;44;sem vítima;443,63;BR-163/MS;Sul;Atropelamento de animais;1;1;0;0;0;0;1
28/08/2018;10:43:00;183;sem vítima;168,858;BR-163/MS;Sul;Colisão lateral no mesmo sentido;1;4;0;0;0;0;1
29/08/2018;14:10:00;203;sem vítima;506,8;BR-163/MS;Norte;Colisão com veículos (traseira);2;5;0;0;0;0;1
30/08/2018;15:16:00;253;sem vítima;655,293;BR-163/MS;Sul;Tombamento;1;3;0;0;0;0;1
30/08/2018;21:04:00;351;sem vítima;453;BR-163/MS;Norte;Atropelamento de animais;1;2;0;0;0;0;1
31/08/2018;17:37:00;323;com vítima;68;BR-163/MS;Sul;Colisão lateral no mesmo sentido;2;1;1;1;0;0;2
01/06/2018;12:23:00;135;com vítima;449,435;BR-163/MS;Sul;Colisão lateral no mesmo sentido;2;2;1;0;0;0;1
01/06/2018;16:50:00;259;sem vítima;485;BR-163/MS;Norte;Engavetamento;1;12;0;0;0;0;1
02/06/2018;09:37:00;121;sem vítima;656,856;BR-163/MS;Sul;Colisão c/ obstáculos;1;1;0;0;0;0;1
03/06/2018;19:55:00;229;sem vítima;696;BR-163/MS;Norte;Atropelamento de animais;1;1;0;0;0;0;1
06/06/2018;17:38:00;308;sem vítima;615,784;BR-163/MS;Sul;Colisão lateral no mesmo sentido;1;4;0;0;0;0;1
07/06/2018;07:08:00;66;sem vítima;466,493;BR-163/MS;Norte;Tombamento;1;2;0;0;0;0;1
08/06/2018;07:26:00;87;sem vítima;511;BR-163/MS;Norte;Tombamento;2;5;0;0;0;0;1
08/06/2018;09:25:00;145;sem vítima;477,2;BR-163/MS;Sul;Colisão com veículos (traseira);1;2;0;0;0;0;1
08/06/2018;14:23:00;230;sem vítima;206;BR-163/MS;Sul;Engavetamento;2;4;0;0;0;0;1
08/06/2018;14:58:00;236;sem vítima;490,25;BR-163/MS;Sul;Colisão com veículos (traseira);1;5;0;0;0;0;1
08/06/2018;19:17:00;306;sem vítima;48;BR-163/MS;Norte;Capotamento;1;2;0;0;0;0;1
09/06/2018;07:46:00;76;sem vítima;0,25;BR-163/MS;Sul;Tombamento;1;1;0;0;0;0;1
09/06/2018;16:50:00;268;com vítima;475,68;BR-163/MS;Norte;Colisão lateral no sentido contrário;1;3;0;1;0;0;2
10/06/2018;05:06:00;29;com vítima;512,72;BR-163/MS;Sul;Colisão lateral no mesmo sentido;2;4;1;0;0;0;1
11/06/2018;16:22:00;261;sem vítima;617,185;BR-163/MS;Norte;Colisão com veículos (traseira);1;4;0;0;0;0;1
12/06/2018;18:41:00;279;com vítima;619;BR-163/MS;Sul;Atropelamento de pedestre;1;1;0;0;0;1;3
13/06/2018;23:25:00;350;com vítima;837;BR-163/MS;Sul;Tombamento;1;1;1;0;0;0;1
14/06/2018;06:50:00;53;sem vítima;490,6;BR-163/MS;Sul;Colisão com veículos (traseira);1;3;0;0;0;0;1
15/06/2018;05:44:00;49;sem vítima;615;BR-163/MS;Norte;Colisão lateral no mesmo sentido;2;2;0;0;0;0;1
15/06/2018;19:39:00;306;com vítima;35,796;BR-163/MS;Sul;Colisão lateral no mesmo sentido;1;4;1;0;0;0;1
15/06/2018;20:21:00;312;sem vítima;501;BR-163/MS;Sul;Colisão c/ obstáculos;1;4;0;0;0;0;1
16/06/2018;05:32:00;22;sem vítima;448,783;BR-163/MS;Norte;Colisão lateral no mesmo sentido;2;2;0;0;0;0;1
16/06/2018;14:24:00;167;com vítima;475,888;BR-163/MS;Sul;Colisão lateral no sentido contrário;2;3;2;0;0;0;1
16/06/2018;17:43:00;215;sem vítima;125,832;BR-163/MS;Norte;Atropelamento de animais;1;2;0;0;0;0;1
16/06/2018;19:19:00;233;com vítima;25,845;BR-163/MS;Norte;Colisão lateral no sentido contrário;1;3;1;0;0;0;1
17/06/2018;07:47:00;58;com vítima;192,179;BR-163/MS;Sul;Tombamento;1;1;0;0;0;1;3
21/06/2018;13:35:00;251;sem vítima;28,653;BR-163/MS;Sul;Colisão com veículos (traseira);1;6;0;0;0;0;1
23/06/2018;10:29:00;125;sem vítima;270;BR-163/MS;Sul;Colisão com veículos (traseira);2;5;0;0;0;0;1
24/06/2018;19:02:00;240;com vítima;662;BR-163/MS;Norte;Colisão c/ obstáculos;1;6;2;0;0;0;1
25/06/2018;06:52:00;49;sem vítima;23;BR-163/MS;Norte;Colisão lateral no mesmo sentido;2;8;0;0;0;0;1
25/06/2018;14:55:00;209;sem vítima;34,5;BR-163/MS;Sul;Tombamento;1;2;0;0;0;0;1
25/06/2018;21:02:00;284;com vítima;511,363;BR-163/MS;Norte;Tombamento;1;2;1;0;0;0;1
26/06/2018;09:10:00;125;sem vítima;34,8;BR-163/MS;Norte;Colisão c/ obstáculos;1;1;0;0;0;0;1
26/06/2018;13:31:00;202;com vítima;475;BR-163/MS;Norte;Colisão lateral no sentido contrário;1;2;0;1;0;0;2
26/06/2018;16:57:00;258;sem vítima;218,149;BR-163/MS;Sul;Colisão com veículos (traseira);2;4;0;0;0;0;1
27/06/2018;21:56:00;353;sem vítima;728;BR-163/MS;Norte;Atropelamento de animais;1;1;0;0;0;0;1
30/06/2018;16:29:00;242;sem vítima;313;BR-163/MS;Norte;Colisão c/ obstáculos;1;1;0;0;0;0;1
01/09/2018;11:59:00;162;sem vítima;6;BR-163/MS;Norte;Outros;2;6;0;0;0;0;1
02/09/2018;02:39:00;23;com vítima;486,49;BR-163/MS;Norte;Colisão com veículos (traseira);1;3;1;0;0;1;3
03/09/2018;14:59:00;204;sem vítima;383;BR-163/MS;Norte;Colisão com veículos (traseira);1;3;0;0;0;0;1
04/09/2018;13:10:00;218;com vítima;316;BR-163/MS;Norte;Tombamento;1;1;1;0;0;0;1
04/09/2018;14:56:00;252;sem vítima;447,634;BR-163/MS;Norte;Tombamento;1;4;0;0;0;0;1
04/09/2018;15:29:00;263;com vítima;0,816;BR-163/MS;Sul;Colisão com veículos (traseira);1;2;1;0;0;0;1
05/09/2018;10:04:00;153;sem vítima;179;BR-163/MS;Sul;Colisão com veículos (traseira);2;5;0;0;0;0;1