data;horario;n_da_ocorrencia;tipo_de_ocorrencia;km;trecho;sentido;tipo_de_acidente;caminhao;ilesos;levemente_feridos;moderadamente_feridos;gravemente_feridos;mortos;3
19/04/2020;19:16:00;257;com vítima;616,275;BR-163/MS;Sul;Tombamento de moto;1;1;1;0;0;0;1
21/04/2020;08:08:00;68;com vítima;552,163;BR-163/MS;Norte;Capotamento;1;1;6;0;0;0;1
22/04/2020;08:58:00;109;sem vítima;667;BR-163/MS;Sul;Colisão c/ obstáculos;1;1;0;0;0;0;1
22/04/2020;16:51:00;263;sem vítima;83,559;BR-163/MS;Sul;Tombamento de moto;1;2;0;0;0;0;1
24/04/2020;17:36:00;314;sem vítima;690,793;BR-163/MS;Norte;Tombamento;1;1;0;0;0;0;1
26/04/2020;06:37:00;38;sem vítima;482,447;BR-163/MS;Sul;Colisão lateral no mesmo sentido;1;6;0;0;0;0;1
27/04/2020;04:54:00;27;sem vítima;658,479;BR-163/MS;Sul;Colisão com veículos (traseira);1;6;0;0;0;0;1
28/04/2020;07:33:00;76;com vítima;103,67;BR-163/MS;Sul;Tombamento;1;1;1;0;0;0;1
28/04/2020;20:29:00;340;sem vítima;456;BR-163/MS;Norte;Atropelamento de animais;2;3;0;0;0;0;1
29/04/2020;05:21:00;44;com vítima;492,704;BR-163/MS;Sul;Colisão com veículos (frontal);1;2;0;2;0;0;2
29/04/2020;06:35:00;59;com vítima;333,873;BR-163/MS;Sul;Colisão c/ obstáculos;1;2;1;0;0;0;1
30/04/2020;17:44:00;305;sem vítima;194,742;BR-163/MS;Norte;Colisão lateral no mesmo sentido;1;5;0;0;0;0;1
01/07/2020;14:35:00;259;sem vítima;25,122;BR-163/MS;Norte;Colisão com veículos (traseira);2;3;0;0;0;0;1
01/07/2020;18:46:00;341;sem vítima;720,456;BR-163/MS;Sul;Atropelamento de animais;1;2;0;0;0;0;1
01/07/2020;19:45:00;356;sem vítima;528,109;BR-163/MS;Sul;Colisão lateral no mesmo sentido;1;2;0;0;0;0;1
03/07/2020;00:11:00;4;sem vítima;604,115;BR-163/MS;Sul;Atropelamento de animais;1;2;0;0;0;0;1
03/07/2020;03:51:00;27;sem vítima;703,145;BR-163/MS;Norte;Colisão c/ obstáculos;1;1;0;0;0;0;1
04/07/2020;16:12:00;262;com vítima;505;BR-163/MS;Norte;Colisão com veículos (traseira);1;2;1;0;0;0;1
04/07/2020;17:32:00;291;com vítima;16,104;BR-163/MS;Sul;Colisão com veículos (frontal);1;2;0;0;1;0;2
04/07/2020;17:45:00;298;com vítima;541;BR-163/MS;Norte;Tombamento;1;0;0;1;0;0;2
06/07/2020;05:15:00;29;com vítima;350,103;BR-163/MS;Sul;Colisão lateral no sentido contrário;1;3;0;0;0;2;3
06/07/2020;18:04:00;287;com vítima;613,116;BR-163/MS;Norte;Tombamento;1;2;1;0;0;0;1
07/07/2020;10:21:00;160;sem vítima;175,651;BR-163/MS;Sul;Capotamento;1;2;0;0;0;0;1
07/07/2020;10:51:00;175;com vítima;490;BR-163/MS;Norte;Colisão lateral no mesmo sentido;1;1;2;0;0;0;1
07/07/2020;18:24:00;319;sem vítima;223,139;BR-163/MS;Sul;Atropelamento de animais;1;2;0;0;0;0;1
07/07/2020;19:45:00;344;sem vítima;548,144;BR-163/MS;Norte;Colisão lateral no sentido contrário;1;4;0;0;0;0;1
08/07/2020;05:45:00;56;sem vítima;117,632;BR-163/MS;Sul;Colisão lateral no mesmo sentido;1;3;0;0;0;0;1
08/07/2020;09:31:00;168;com vítima;520,132;BR-163/MS;Sul;Tombamento de moto;1;2;2;0;0;0;1
09/07/2020;05:20:00;39;com vítima;460,318;BR-163/MS;Sul;Colisão lateral no mesmo sentido;1;2;0;0;1;0;2
09/07/2020;15:23:00;265;com vítima;551,141;BR-163/MS;Sul;Colisão com veículos (frontal);1;0;0;1;2;1;3
09/07/2020;16:39:00;288;com vítima;253;BR-163/MS;Norte;Capotamento;2;2;2;0;0;0;1
10/07/2020;18:06:00;314;sem vítima;260,459;BR-163/MS;Sul;Outros;1;2;0;0;0;0;1
10/07/2020;18:40:00;327;sem vítima;56,98;BR-163/MS;Norte;Engavetamento;1;4;0;0;0;0;1
11/07/2020;13:54:00;210;com vítima;466,801;BR-163/MS;Sul;Colisão lateral no sentido contrário;1;5;0;0;0;1;3
11/07/2020;20:55:00;348;com vítima;121,924;BR-163/MS;Sul;Colisão lateral no sentido contrário;1;3;0;0;0;2;3
14/07/2020;05:50:00;40;sem vítima;738;BR-163/MS;Norte;Atropelamento de animais;1;2;0;0;0;0;1
14/07/2020;16:08:00;305;com vítima;283;BR-163/MS;Norte;Tombamento de moto;1;1;1;0;0;0;1
15/07/2020;01:48:00;14;sem vítima;36,121;BR-163/MS;Norte;Atropelamento de animais;1;2;0;0;0;0;1
15/07/2020;18:06:00;334;sem vítima;6,9;BR-163/MS;Sul;Colisão c/ obstáculos;1;4;0;0;0;0;1
15/07/2020;19:00:00;348;sem vítima;495,164;BR-163/MS;Sul;Colisão c/ obstáculos;1;3;0;0;0;0;1
16/07/2020;13:27:00;225;sem vítima;424;BR-163/MS;Norte;Colisão lateral no mesmo sentido;2;6;0;0;0;0;1
17/07/2020;00:37:00;5;sem vítima;469,718;BR-163/MS;Sul;Atropelamento de animais;1;2;0;0;0;0;1
17/07/2020;15:54:00;326;com vítima;292;BR-163/MS;Norte;Colisão lateral no mesmo sentido;1;1;1;0;0;0;1
18/07/2020;07:37:00;84;sem vítima;254;BR-163/MS;Norte;Colisão lateral no mesmo sentido;1;3;0;0;0;0;1
23/07/2020;07:38:00;68;sem vítima;563,24;BR-163/MS;Sul;Tombamento;2;4;0;0;0;0;1
23/07/2020;08:07:00;75;sem vítima;735,25;BR-163/MS;Sul;Tombamento;1;2;0;0;0;0;1
23/07/2020;18:53:00;289;sem vítima;526;BR-163/MS;Norte;Colisão com veículos (traseira);1;4;0;0;0;0;1
25/07/2020;17:27:00;322;com vítima;559,187;BR-163/MS;Norte;Tombamento;1;1;1;0;0;0;1
25/07/2020;18:31:00;338;sem vítima;330,5;BR-163/MS;Sul;Saídas de pista;1;3;0;0;0;0;1
28/07/2020;05:28:00;25;sem vítima;318,31;BR-163/MS;Norte;Tombamento;1;2;0;0;0;0;1
29/07/2020;00:35:00;4;sem vítima;69;BR-163/MS;Norte;Tombamento;1;3;0;0;0;0;1
29/07/2020;18:02:00;342;sem vítima;150,778;BR-163/MS;Norte;Saídas de pista;1;1;0;0;0;0;1
30/07/2020;04:46:00;21;sem vítima;117,635;BR-163/MS;Sul;Colisão lateral no sentido contrário;1;2;0;0;0;0;1
30/07/2020;11:48:00;210;sem vítima;208,434;BR-163/MS;Norte;Colisão com veículos (traseira);1;3;0;0;0;0;1
31/07/2020;08:27:00;105;sem vítima;253,8;BR-163/MS;Sul;Colisão lateral no mesmo sentido;1;4;0;0;0;0;1
31/07/2020;10:46:00;184;sem vítima;77;BR-163/MS;Norte;Colisão com veículos (traseira);2;6;0;0;0;0;1
31/07/2020;20:53:00;353;com vítima;485,604;BR-163/MS;Norte;Colisão com veículos (traseira);1;1;0;0;1;1;3
01/08/2020;07:00:00;64;Acidente com vítima;117,653;BR-163/MS;SUL;Colisão lateral no sentido contrário;1;10;1;0;0;0;1
02/08/2020;17:54:00;253;Acidente sem vítima;369,781;BR-163/MS;NORTE;Colisão com veículos (traseira);2;4;0;0;0;0;1
02/08/2020;20:27:00;278;Acidente sem vítima;225,267;BR-163/MS;NORTE;Colisão com veículos (traseira);1;4;0;0;0;0;1
02/08/2020;22:41:00;297;Acidente sem vítima;470;BR-163/MS;NORTE;Colisão com veículos (traseira);1;5;0;0;0;0;1
03/08/2020;07:10:00;54;Acidente sem vítima;220;BR-163/MS;NORTE;Atropelamento de animais;1;1;0;0;0;0;1
03/08/2020;20:26:00;374;Acidente com vítima;576,452;BR-163/MS;SUL;Tombamento;1;1;1;0;0;0;1
04/08/2020;05:25:00;32;Acidente sem vítima;519;BR-163/MS;SUL;Colisão com veículos (traseira);2;3;0;0;0;0;1
04/08/2020;17:11:00;344;Acidente sem vítima;74,197;BR-163/MS;SUL;Colisão lateral no mesmo sentido;1;4;0;0;0;0;1
04/08/2020;19:32:00;382;Acidente com vítima;20,778;BR-163/MS;SUL;Engavetamento;2;4;1;0;0;0;1
07/08/2020;18:27:00;358;Acidente com vítima;487,439;BR-163/MS;SUL;Colisão com veículos (traseira);1;2;2;0;0;0;1
07/08/2020;22:42:00;416;Acidente sem vítima;713,713;BR-163/MS;SUL;Atropelamento de animais;1;2;0;0;0;0;1
09/08/2020;08:06:00;81;Acidente com vítima;117,644;BR-163/MS;NORTE;Colisão lateral no sentido contrário;1;1;2;0;0;0;1
10/08/2020;22:09:00;374;Acidente sem vítima;678,317;BR-163/MS;NORTE;Colisão com veículos (traseira);2;2;0;0;0;0;1
11/08/2020;11:40:00;210;Acidente sem vítima;665;BR-163/MS;NORTE;Tombamento;1;3;0;0;0;0;1
11/08/2020;14:03:00;256;Acidente com vítima;485,24;BR-163/MS;SUL;Colisão com veículos (frontal);1;1;0;0;1;0;2
11/08/2020;14:54:00;268;Acidente com vítima;693,59;BR-163/MS;SUL;Engavetamento;4;6;0;1;0;0;2
11/08/2020;19:07:00;353;Acidente sem vítima;36;BR-163/MS;NORTE;Colisão lateral no mesmo sentido;3;10;0;0;0;0;1
11/08/2020;21:18:00;378;Atropelamento com morte;498,706;BR-163/MS;SUL;Atropelamento de pedestre;1;1;1;0;0;1;3
12/08/2020;19:46:00;351;Acidente sem vítima;485,434;BR-163/MS;NORTE;Colisão com veículos (traseira);1;2;0;0;0;0;1
16/08/2020;08:46:00;83;Acidente com vítima;562,677;BR-163/MS;SUL;Colisão lateral no mesmo sentido;1;3;1;0;0;0;1
17/08/2020;17:09:00;273;Acidente sem vítima;679,842;BR-163/MS;NORTE;Colisão lateral no sentido contrário;1;3;0;0;0;0;1
19/08/2020;17:52:00;374;Acidente sem vítima;365;BR-163/MS;NORTE;Colisão com veículos (traseira);1;2;0;0;0;0;1
20/08/2020;07:01:00;56;Acidente sem vítima;152,471;BR-163/MS;SUL;Tombamento;1;1;0;0;0;0;1
21/08/2020;17:36:00;419;Acidente sem vítima;28,194;BR-163/MS;SUL;Colisão com veículos (traseira);2;6;0;0;0;0;1
21/08/2020;22:12:00;474;Acidente sem vítima;558,578;BR-163/MS;SUL;Tombamento;1;3;0;0;0;0;1
25/08/2020;19:28:00;425;Acidente sem vítima;171;BR-163/MS;SUL;Colisão lateral no mesmo sentido;1;2;0;0;0;0;1
26/08/2020;13:21:00;234;Acidente sem vítima;18;BR-163/MS;SUL;Colisão lateral no mesmo sentido;1;2;0;0;0;0;1
27/08/2020;15:09:00;240;Acidente sem vítima;485;BR-163/MS;NORTE;Colisão com veículos (traseira);1;3;0;0;0;0;1
28/08/2020;09:44:00;219;Acidente sem vítima;641,11;BR-163/MS;NORTE;Tombamento;1;3;0;0;0;0;1
28/08/2020;13:35:00;458;Acidente sem vítima;675,41;BR-163/MS;SUL;Colisão com veículos (traseira);1;2;0;0;0;0;1
28/08/2020;15:43:00;556;Atropelamento sem morte;691;BR-163/MS;SUL;Atropelamento de pedestre;1;4;0;0;1;0;2
28/08/2020;17:10:00;620;Acidente sem vítima;149,248;BR-163/MS;NORTE;Tombamento;1;5;0;0;0;0;1
28/08/2020;17:37:00;636;Acidente sem vítima;157;BR-163/MS;NORTE;Colisão com veículos (traseira);1;4;0;0;0;0;1
28/08/2020;20:45:00;679;Acidente sem vítima;117,644;BR-163/MS;NORTE;Colisão lateral no mesmo sentido;2;5;0;0;0;0;1
29/08/2020;03:59:00;24;Acidente com vítima;251,295;BR-163/MS;SUL;Colisão lateral no sentido contrário;1;3;0;0;1;0;2
29/08/2020;04:57:00;28;Acidente com vítima;179,666;BR-163/MS;SUL;Colisão com veículos (traseira);1;3;2;0;0;0;1
29/08/2020;17:49:00;394;Acidente com vítima;838,219;BR-163/MS;SUL;Tombamento;1;1;1;0;0;0;1
30/08/2020;05:00:00;40;Acidente sem vítima;72,532;BR-163/MS;SUL;Tombamento;1;3;0;0;0;0;1
31/08/2020;00:56:00;8;Acidente sem vítima;555,754;BR-163/MS;NORTE;Atropelamento de animais;1;2;0;0;0;0;1
02/09/2020;09:22:00;155;Acidente sem vítima;460;BR-163/MS;NORTE;Tombamento;1;2;0;0;0;0;1
03/09/2020;21:39:00;430;Acidente sem vítima;755;BR-163/MS;SUL;Atropelamento de animais;1;1;0;0;0;0;1
04/09/2020;01:24:00;12;Acidente sem vítima;680;BR-163/MS;SUL;Atropelamento de animais;1;1;0;0;0;0;1
05/09/2020;13:15:00;223;Acidente com vítima;403;BR-163/MS;SUL;Tombamento;1;2;2;0;0;0;1
05/09/2020;16:39:00;311;Acidente sem vítima;469,391;BR-163/MS;NORTE;Outros;2;9;0;0;0;0;1
05/09/2020;19:45:00;375;Acidente sem vítima;266,98;BR-163/MS;NORTE;Colisão com veículos (traseira);1;4;0;0;0;0;1
07/09/2020;02:26:00;12;Acidente sem vítima;791,467;BR-163/MS;NORTE;Tombamento;1;3;0;0;0;0;1
07/09/2020;17:55:00;342;Acidente com morte;457,484;BR-163/MS;NORTE;Colisão lateral no mesmo sentido;1;1;0;0;0;1;3
10/09/2020;15:25:00;245;Acidente sem vítima;135,92;BR-163/MS;NORTE;Colisão com veículos (traseira);2;4;0;0;0;0;1
12/09/2020;00:51:00;12;Acidente sem vítima;123,553;BR-163/MS;SUL;Atropelamento de animais;1;2;0;0;0;0;1
25/09/2020;09:39:00;168;Acidente sem vítima;419;BR-163/MS;NORTE;Colisão com veículos (traseira);3;8;0;0;0;0;1
25/09/2020;21:37:00;399;Acidente com vítima;208,226;BR-163/MS;SUL;Colisão lateral no mesmo sentido;1;2;0;0;1;0;2
12/09/2020;05:00:00;43;Acidente com vítima;375,73;BR-163/MS;NORTE;Tombamento;1;1;1;0;0;0;1
12/09/2020;07:58:00;115;Acidente sem vítima;680,946;BR-163/MS;SUL;Colisão lateral no sentido contrário;1;5;0;0;0;0;1
13/09/2020;06:16:00;35;Acidente sem vítima;603;BR-163/MS;NORTE;Colisão com veículos (traseira);1;3;0;0;0;0;1
13/09/2020;19:29:00;301;Acidente com vítima;445,224;BR-163/MS;NORTE;Tombamento;1;2;1;0;0;0;1
14/09/2020;04:26:00;16;Atropelamento sem morte;37;BR-163/MS;SUL;Atropelamento de pedestre;1;0;1;0;1;0;2
14/09/2020;19:15:00;315;Acidente sem vítima;245,474;BR-163/MS;NORTE;Colisão com veículos (traseira);2;2;0;0;0;0;1
16/09/2020;07:32:00;84;Acidente sem vítima;6,2;BR-163/MS;SUL;Colisão com veículos (traseira);2;4;0;0;0;0;1
18/09/2020;02:11:00;11;Acidente sem vítima;205,56;BR-163/MS;NORTE;Atropelamento de animais;1;3;0;0;0;0;1
18/09/2020;22:11:00;331;Acidente sem vítima;89,764;BR-163/MS;NORTE;Engavetamento;1;7;0;0;0;0;1
20/09/2020;19:18:00;239;Acidente sem vítima;444,47;BR-163/MS;NORTE;Atropelamento de animais;1;2;0;0;0;0;1
23/09/2020;09:07:00;129;Acidente com vítima;22,973;BR-163/MS;NORTE;Colisão lateral no mesmo sentido;1;2;1;0;0;0;1
23/09/2020;19:33:00;327;Acidente sem vítima;551,676;BR-163/MS;SUL;Tombamento;1;2;0;0;0;0;1
24/09/2020;14:44:00;265;Acidente com vítima;245,7;BR-163/MS;NORTE;Tombamento;1;2;1;0;0;0;1
24/09/2020;19:21:00;345;Acidente com vítima;425,752;BR-163/MS;NORTE;Colisão lateral no mesmo sentido;2;1;1;0;0;0;1
25/09/2020;06:15:00;45;Acidente sem vítima;475;BR-163/MS;NORTE;Colisão lateral no mesmo sentido;1;4;0;0;0;0;1
26/09/2020;00:10:00;2;Acidente com vítima;609,439;BR-163/MS;SUL;Tombamento;1;1;1;0;0;0;1
28/09/2020;01:30:00;8;Acidente sem vítima;294,184;BR-163/MS;NORTE;Tombamento;1;2;0;0;0;0;1
29/09/2020;06:58:00;49;Acidente com vítima;578;BR-163/MS;SUL;Tombamento;1;1;0;1;0;0;2
01/10/2020;15:10:00;313;Acidente sem vítima;123,525;BR-163/MS;SUL;Engavetamento;2;4;0;0;0;0;1
01/10/2020;22:54:00;427;Acidente com vítima;488,61;BR-163/MS;NORTE;Colisão lateral no sentido contrário;1;2;0;0;1;0;2
02/10/2020;09:04:00;95;Acidente com vítima;526,5;BR-163/MS;SUL;Capotamento;1;0;1;0;0;0;1
02/10/2020;15:24:00;213;Acidente sem vítima;364,28;BR-163/MS;NORTE;Tombamento;1;3;0;0;0;0;1
02/10/2020;21:27:00;322;Acidente sem vítima;656,976;BR-163/MS;NORTE;Tombamento;1;2;0;0;0;0;1
03/10/2020;04:49:00;28;Acidente com vítima;775,828;BR-163/MS;SUL;Tombamento;1;2;1;0;0;0;1
05/10/2020;19:00:00;319;Acidente sem vítima;133,627;BR-163/MS;NORTE;Tombamento;1;1;0;0;0;0;1
06/10/2020;08:00:00;106;Acidente com vítima;554,871;BR-163/MS;NORTE;Tombamento;1;3;1;0;0;0;1
06/10/2020;09:11:00;135;Acidente com vítima;28,28;BR-163/MS;SUL;Colisão com veículos (traseira);2;3;1;0;0;0;1
06/10/2020;14:23:00;251;Acidente sem vítima;374,139;BR-163/MS;NORTE;Tombamento;1;2;0;0;0;0;1
06/10/2020;23:51:00;386;Acidente sem vítima;426,179;BR-163/MS;NORTE;Tombamento;1;1;0;0;0;0;1
08/10/2020;12:04:00;180;Acidente com vítima;256,82;BR-163/MS;NORTE;Colisão c/ obstáculos;1;1;0;1;0;0;2
08/10/2020;15:55:00;260;Acidente sem vítima;647,688;BR-163/MS;SUL;Tombamento;1;1;0;0;0;0;1
08/10/2020;19:50:00;329;Acidente sem vítima;550,899;BR-163/MS;SUL;Colisão com veículos (traseira);2;2;0;0;0;0;1
09/10/2020;15:23:00;307;Acidente com vítima;711,107;BR-163/MS;SUL;Colisão lateral no mesmo sentido;2;2;1;0;0;0;1
11/10/2020;08:16:00;100;Acidente sem vítima;660,915;BR-163/MS;NORTE;Saídas de pista;1;2;0;0;0;0;1
11/10/2020;09:33:00;134;Acidente sem vítima;794,919;BR-163/MS;SUL;Tombamento;1;3;0;0;0;0;1
11/10/2020;11:07:00;168;Acidente sem vítima;466,322;BR-163/MS;SUL;Colisão com veículos (traseira);2;6;0;0;0;0;1
11/10/2020;18:22:00;286;Acidente com vítima;462,627;BR-163/MS;NORTE;Colisão com veículos (traseira);1;1;2;0;0;0;1
12/10/2020;04:44:00;25;Acidente sem vítima;563,652;BR-163/MS;NORTE;Atropelamento de animais;1;1;0;0;0;0;1
12/10/2020;06:43:00;43;Acidente sem vítima;247,355;BR-163/MS;NORTE;Colisão lateral no mesmo sentido;1;4;0;0;0;0;1
12/10/2020;08:33:00;78;Acidente sem vítima;773,643;BR-163/MS;NORTE;Tombamento;1;1;0;0;0;0;1
12/10/2020;15:27:00;190;Acidente com morte;191,186;BR-163/MS;SUL;Colisão lateral no mesmo sentido;1;2;1;0;0;2;3
12/10/2020;16:50:00;209;Acidente com vítima;429,1;BR-163/MS;NORTE;Colisão com veículos (frontal);1;4;2;0;0;0;1
13/10/2020;04:30:00;22;Acidente sem vítima;256;BR-163/MS;NORTE;Colisão lateral no mesmo sentido;1;4;0;0;0;0;1
13/10/2020;08:45:00;84;Acidente com vítima;12,5;BR-163/MS;NORTE;Colisão lateral no mesmo sentido;1;3;1;0;0;0;1
14/10/2020;07:14:00;62;Acidente com morte;486,38;BR-163/MS;NORTE;Colisão lateral no mesmo sentido;1;2;0;0;0;1;3
14/10/2020;22:10:00;363;Atropelamento sem morte;21,68;BR-163/MS;NORTE;Atropelamento de pedestre;1;3;0;1;0;0;2
15/10/2020;10:51:00;188;Acidente com vítima;322,111;BR-163/MS;SUL;Colisão lateral no mesmo sentido;1;1;0;0;1;0;2
16/10/2020;03:59:00;15;Acidente sem vítima;280,9;BR-163/MS;NORTE;Saídas de pista;1;1;0;0;0;0;1
16/10/2020;16:31:00;269;Acidente sem vítima;476,296;BR-163/MS;NORTE;Colisão com veículos (traseira);1;2;0;0;0;0;1
17/10/2020;10:32:00;131;Acidente sem vítima;440;BR-163/MS;NORTE;Tombamento;1;1;0;0;0;0;1
17/10/2020;12:07:00;152;Acidente sem vítima;204,484;BR-163/MS;NORTE;Colisão c/ obstáculos;1;5;0;0;0;0;1
18/10/2020;10:49:00;125;Acidente sem vítima;624,73;BR-163/MS;NORTE;Tombamento;1;3;0;0;0;0;1
19/10/2020;09:14:00;131;Acidente com vítima;527,493;BR-163/MS;NORTE;Colisão com veículos (traseira);1;2;1;0;0;0;1
20/10/2020;11:25:00;199;Acidente com vítima;479;BR-163/MS;NORTE;Colisão lateral no mesmo sentido;2;5;0;1;2;0;2
20/10/2020;19:03:00;343;Acidente sem vítima;692;BR-163/MS;NORTE;Colisão com veículos (traseira);1;4;0;0;0;0;1
20/10/2020;19:58:00;350;Acidente com morte;259,456;BR-163/MS;NORTE;Colisão com veículos (traseira);1;2;0;1;0;1;3
21/10/2020;09:46:00;134;Acidente sem vítima;575;BR-163/MS;SUL;Colisão lateral no mesmo sentido;1;2;0;0;0;0;1
22/10/2020;21:41:00;341;Acidente com vítima;86,237;BR-163/MS;SUL;Tombamento;1;2;1;0;0;0;1
23/10/2020;07:32:00;73;Acidente sem vítima;364,884;BR-163/MS;SUL;Engavetamento;1;10;0;0;0;0;1
23/10/2020;11:41:00;223;Acidente com vítima;502;BR-163/MS;NORTE;Colisão lateral no mesmo sentido;1;2;0;0;1;0;2
23/10/2020;15:36:00;297;Acidente sem vítima;698,4;BR-163/MS;SUL;Tombamento;1;2;0;0;0;0;1
24/10/2020;15:41:00;231;Acidente com vítima;669;BR-163/MS;NORTE;Tombamento;1;2;1;0;0;0;1
25/10/2020;00:39:00;5;Acidente sem vítima;787;BR-163/MS;NORTE;Atropelamento de animais;1;1;0;0;0;0;1
26/10/2020;05:09:00;28;Acidente sem vítima;48,5;BR-163/MS;NORTE;Atropelamento de animais;1;1;0;0;0;0;1
26/10/2020;16:31:00;197;Acidente sem vítima;466;BR-163/MS;NORTE;Saídas de pista;1;1;0;0;0;0;1
26/10/2020;17:51:00;210;Acidente sem vítima;270;BR-163/MS;NORTE;Colisão com veículos (traseira);1;2;0;0;0;0;1
27/10/2020;06:15:00;50;Acidente com vítima;843;BR-163/MS;SUL;Tombamento;1;1;1;0;0;0;1
28/10/2020;15:42:00;312;Acidente sem vítima;463;BR-163/MS;NORTE;Engavetamento;4;7;0;0;0;0;1
28/10/2020;21:20:00;409;Acidente sem vítima;219,926;BR-163/MS;NORTE;Atropelamento de animais;1;2;0;0;0;0;1
31/10/2020;12:02:00;174;Acidente sem vítima;30,354;BR-163/MS;NORTE;Engavetamento;1;14;0;0;0;0;1
02/11/2020;19:03:00;307;Acidente com vítima;727,957;BR-163/MS;NORTE;Colisão com veículos (traseira);1;6;1;0;0;0;1
03/11/2020;08:51:00;130;Acidente com vítima;475;BR-163/MS;NORTE;Tombamento;1;1;1;0;0;0;1
04/11/2020;10:29:00;139;Acidente sem vítima;647,98;BR-163/MS;SUL;Saídas de pista;1;3;0;0;0;0;1
04/11/2020;15:43:00;251;Acidente sem vítima;220;BR-163/MS;NORTE;Colisão com veículos (traseira);2;5;0;0;0;0;1
04/11/2020;21:21:00;346;Acidente sem vítima;413,5;BR-163/MS;NORTE;Colisão c/ obstáculos;1;3;0;0;0;0;1
07/11/2020;11:38:00;174;Acidente sem vítima;14,51;BR-163/MS;NORTE;Colisão c/ obstáculos;1;3;0;0;0;0;1
07/11/2020;19:47:00;304;Acidente com vítima;154,779;BR-163/MS;SUL;Colisão lateral no mesmo sentido;1;1;1;0;0;0;1
07/11/2020;22:42:00;334;Acidente com vítima;37,372;BR-163/MS;NORTE;Capotamento;1;1;1;0;1;0;2
09/11/2020;04:54:00;15;Acidente com vítima;838,649;BR-163/MS;NORTE;Tombamento;1;0;0;1;0;0;2
09/11/2020;07:01:00;41;Acidente com vítima;485;BR-163/MS;NORTE;Colisão com veículos (traseira);1;2;2;0;0;0;1
09/11/2020;08:04:00;67;Acidente sem vítima;384,8;BR-163/MS;NORTE;Colisão com veículos (traseira);1;2;0;0;0;0;1
09/11/2020;11:24:00;136;Acidente sem vítima;313;BR-163/MS;SUL;Colisão com veículos (traseira);1;4;0;0;0;0;1
09/11/2020;18:23:00;275;Acidente com vítima;681,338;BR-163/MS;NORTE;Colisão lateral no sentido contrário;1;3;0;0;1;0;2
09/11/2020;18:49:00;282;Acidente sem vítima;263,522;BR-163/MS;SUL;Colisão com veículos (traseira);1;4;0;0;0;0;1
11/11/2020;12:57:00;182;Acidente sem vítima;473;BR-163/MS;SUL;Colisão com veículos (traseira);2;4;0;0;0;0;1
11/11/2020;13:58:00;201;Acidente sem vítima;750,1;BR-163/MS;NORTE;Tombamento;1;3;0;0;0;0;1
12/11/2020;03:25:00;14;Acidente com vítima;751,379;BR-163/MS;NORTE;Tombamento;1;1;1;0;0;0;1
12/11/2020;16:39:00;293;Acidente sem vítima;47,615;BR-163/MS;SUL;Colisão com veículos (traseira);1;3;0;0;0;0;1
12/11/2020;18:27:00;310;Acidente sem vítima;478,434;BR-163/MS;SUL;Colisão com veículos (traseira);2;6;0;0;0;0;1
13/11/2020;03:29:00;10;Acidente sem vítima;359;BR-163/MS;SUL;Atropelamento de animais;1;1;0;0;0;0;1
15/11/2020;07:53:00;69;Acidente com morte;810,896;BR-163/MS;NORTE;Colisão com veículos (frontal);1;3;0;0;0;1;3
16/11/2020;10:19:00;141;Acidente sem vítima;481,833;BR-163/MS;SUL;Colisão com veículos (traseira);2;5;0;0;0;0;1
17/11/2020;05:37:00;26;Acidente sem vítima;144,529;BR-163/MS;SUL;Tombamento;1;3;0;0;0;0;1
17/11/2020;12:12:00;216;Acidente sem vítima;435;BR-163/MS;SUL;Colisão lateral no mesmo sentido;2;4;0;0;0;0;1
17/11/2020;15:26:00;276;Acidente com vítima;755,8;BR-163/MS;NORTE;Colisão com veículos (traseira);1;1;0;2;0;0;2
18/11/2020;17:09:00;258;Acidente sem vítima;27;BR-163/MS;NORTE;Colisão com veículos (traseira);2;4;0;0;0;0;1
19/11/2020;07:47:00;69;Acidente com vítima;103;BR-163/MS;SUL;Colisão lateral no mesmo sentido;1;26;1;0;0;0;1
20/11/2020;03:59:00;17;Acidente sem vítima;736,7;BR-163/MS;NORTE;Tombamento;1;3;0;0;0;0;1
20/11/2020;10:42:00;130;Acidente com vítima;185,915;BR-163/MS;SUL;Tombamento;1;2;0;1;0;0;2
20/11/2020;15:13:00;221;Acidente sem vítima;91,379;BR-163/MS;SUL;Colisão com veículos (traseira);1;4;0;0;0;0;1
20/11/2020;16:32:00;251;Acidente sem vítima;365;BR-163/MS;NORTE;Colisão com veículos (traseira);2;4;0;0;0;0;1