data;horario;n_da_ocorrencia;tipo_de_ocorrencia;km;trecho;sentido;tipo_de_acidente;caminhao;ilesos;levemente_feridos;moderadamente_feridos;gravemente_feridos;mortos;3
21/11/2020;09:12:00;112;Acidente sem vítima;6,285;BR-163/MS;NORTE;Engavetamento;1;7;0;0;0;0;1
22/11/2020;14:49:00;170;Acidente sem vítima;452;BR-163/MS;NORTE;Colisão lateral no mesmo sentido;2;7;0;0;0;0;1
22/11/2020;22:16:00;279;Acidente sem vítima;494,469;BR-163/MS;NORTE;Colisão com veículos (traseira);1;7;0;0;0;0;1
19/11/2020;10:41:00;149;Acidente sem vítima;103;BR-163/MS;NORTE;Colisão com veículos (traseira);1;3;0;0;0;0;1
26/11/2020;04:23:00;16;Acidente sem vítima;173,451;BR-163/MS;SUL;Atropelamento de animais;1;2;0;0;0;0;1
23/11/2020;16:39:00;226;Acidente sem vítima;463,816;BR-163/MS;NORTE;Colisão lateral no mesmo sentido;1;4;0;0;0;0;1
24/11/2020;12:13:00;202;Acidente com vítima;806,517;BR-163/MS;NORTE;Engavetamento;1;5;0;1;0;0;2
25/11/2020;05:08:00;35;Acidente sem vítima;487,429;BR-163/MS;SUL;Colisão lateral no mesmo sentido;1;5;0;0;0;0;1
26/11/2020;06:01:00;28;Acidente com vítima;553;BR-163/MS;SUL;Colisão c/ obstáculos;1;4;1;0;0;0;1
28/11/2020;11:44:00;162;Acidente com vítima;481;BR-163/MS;NORTE;Colisão lateral no mesmo sentido;1;1;1;0;0;0;1
29/11/2020;12:52:00;135;Acidente com vítima;218,52;BR-163/MS;SUL;Colisão lateral no mesmo sentido;1;0;7;0;0;0;1
01/12/2020;18:42:00;253;Acidente com vítima;730;BR-163/MS;NORTE;Colisão lateral no mesmo sentido;1;1;1;0;0;0;1
01/12/2020;19:13:00;257;Acidente sem vítima;515;BR-163/MS;SUL;Colisão c/ obstáculos;1;7;0;0;0;0;1
01/12/2020;22:19:00;291;Acidente sem vítima;500,367;BR-163/MS;NORTE;Colisão c/ obstáculos;1;1;0;0;0;0;1
02/12/2020;10:56:00;193;Acidente sem vítima;568;BR-163/MS;SUL;Saídas de pista;1;2;0;0;0;0;1
03/12/2020;16:10:00;241;Acidente com vítima;412;BR-163/MS;SUL;Saídas de pista;1;1;0;0;1;0;2
03/12/2020;16:31:00;253;Acidente com vítima;476;BR-163/MS;NORTE;Colisão com veículos (traseira);3;7;2;0;0;0;1
04/12/2020;02:35:00;18;Acidente sem vítima;399,9;BR-163/MS;NORTE;Tombamento;1;2;0;0;0;0;1
08/12/2020;11:01:00;193;Acidente com vítima;754,896;BR-163/MS;NORTE;Engavetamento;1;11;1;0;0;0;1
09/12/2020;23:48:00;373;Acidente com vítima;797;BR-163/MS;SUL;Colisão com veículos (traseira);2;1;1;0;0;0;1
10/12/2020;04:13:00;25;Acidente com morte;180,262;BR-163/MS;NORTE;Colisão com veículos (frontal);1;1;0;0;0;2;3
10/12/2020;18:04:00;282;Acidente sem vítima;140;BR-163/MS;SUL;Colisão com veículos (traseira);1;3;0;0;0;0;1
10/12/2020;18:23:00;289;Acidente sem vítima;481;BR-163/MS;SUL;Colisão lateral no mesmo sentido;1;3;0;0;0;0;1
11/12/2020;05:32:00;36;Acidente sem vítima;78;BR-163/MS;NORTE;Colisão lateral no mesmo sentido;1;2;0;0;0;0;1
12/12/2020;05:16:00;34;Acidente sem vítima;172,9;BR-163/MS;NORTE;Colisão lateral no mesmo sentido;1;5;0;0;0;0;1
13/12/2020;18:40:00;280;Acidente com vítima;485,149;BR-163/MS;NORTE;Colisão com veículos (traseira);1;2;1;0;0;0;1
14/12/2020;19:34:00;267;Acidente sem vítima;747;BR-163/MS;SUL;Atropelamento de animais;1;3;0;0;0;0;1
15/12/2020;15:23:00;252;Acidente sem vítima;442,86;BR-163/MS;SUL;Engavetamento;1;22;0;0;0;0;1
16/12/2020;11:05:00;176;Acidente com vítima;485;BR-163/MS;SUL;Colisão com veículos (traseira);1;6;1;0;0;0;1
17/12/2020;12:29:00;235;Acidente sem vítima;468,556;BR-163/MS;SUL;Colisão c/ obstáculos;1;1;0;0;0;0;1
18/12/2020;09:08:00;174;Acidente sem vítima;723;BR-163/MS;NORTE;Colisão lateral no sentido contrário;1;7;0;0;0;0;1
18/12/2020;19:28:00;374;Acidente sem vítima;555,927;BR-163/MS;SUL;Saídas de pista;1;2;0;0;0;0;1
19/12/2020;06:24:00;56;Acidente sem vítima;173;BR-163/MS;SUL;Colisão lateral no mesmo sentido;2;4;0;0;0;0;1
19/12/2020;06:44:00;66;Acidente sem vítima;373,468;BR-163/MS;NORTE;Colisão com veículos (traseira);2;3;0;0;0;0;1
20/12/2020;22:46:00;351;Acidente sem vítima;382,5;BR-163/MS;NORTE;Atropelamento de animais;1;3;0;0;0;0;1
21/12/2020;08:57:00;102;Acidente sem vítima;498;BR-163/MS;NORTE;Colisão lateral no mesmo sentido;1;4;0;0;0;0;1
21/12/2020;19:56:00;291;Acidente sem vítima;574;BR-163/MS;NORTE;Colisão lateral no mesmo sentido;1;2;0;0;0;0;1
22/12/2020;04:25:00;23;Acidente sem vítima;186,279;BR-163/MS;SUL;Tombamento;1;1;0;0;0;0;1
22/12/2020;13:46:00;224;Acidente com vítima;725;BR-163/MS;NORTE;Colisão lateral no sentido contrário;1;1;3;0;0;0;1
22/12/2020;15:49:00;266;Acidente com vítima;612;BR-163/MS;NORTE;Engavetamento;1;3;1;1;0;0;2
22/12/2020;16:05:00;283;Acidente sem vítima;586;BR-163/MS;NORTE;Saídas de pista;1;2;0;0;0;0;1
28/12/2020;13:34:00;216;Acidente sem vítima;587,81;BR-163/MS;NORTE;Tombamento;1;3;0;0;0;0;1
30/12/2020;07:18:00;81;Acidente com morte;811,499;BR-163/MS;SUL;Tombamento;1;2;2;0;0;2;3
31/12/2020;10:28:00;133;Acidente sem vítima;238;BR-163/MS;NORTE;Tombamento;1;2;0;0;0;0;1
02/01/2021;08:15:00;65;Acidente sem vítima;248;BR-163/MS;NORTE;Capotamento;1;4;0;0;0;0;1
03/01/2021;22:09:00;316;Acidente sem vítima;183;BR-163/MS;NORTE;Capotamento;1;8;0;0;0;0;1
04/01/2021;21:36:00;333;Acidente sem vítima;135,6;BR-163/MS;SUL;Atropelamento de animais;1;1;0;0;0;0;1
05/01/2021;07:29:00;82;Acidente com vítima;83;BR-163/MS;NORTE;Tombamento;1;3;1;0;0;0;1
05/01/2021;11:55:00;193;Acidente com vítima;78;BR-163/MS;NORTE;Colisão lateral no mesmo sentido;1;3;1;0;0;0;1
06/01/2021;23:00:00;352;Acidente com vítima;732,667;BR-163/MS;NORTE;Colisão lateral no sentido contrário;1;3;0;1;0;0;2
25/01/2021;20:16:00;345;Acidente sem vítima;491,984;BR-163/MS;NORTE;Colisão lateral no mesmo sentido;1;6;0;0;0;0;1
26/01/2021;04:46:00;28;Acidente com vítima;665,449;BR-163/MS;NORTE;Tombamento;1;0;1;0;0;0;1
08/01/2021;15:56:00;308;Acidente sem vítima;40;BR-163/MS;SUL;Tombamento;1;2;0;0;0;0;1
09/01/2021;20:26:00;396;Acidente sem vítima;666;BR-163/MS;NORTE;Saídas de pista;1;2;0;0;0;0;1
11/01/2021;14:14:00;246;Acidente com vítima;427,85;BR-163/MS;NORTE;Colisão c/ obstáculos;1;2;1;0;0;0;1
12/01/2021;15:52:00;267;Acidente com vítima;64;BR-163/MS;SUL;Colisão lateral no mesmo sentido;1;3;1;0;0;0;1
12/01/2021;17:46:00;304;Acidente com vítima;615,633;BR-163/MS;SUL;Colisão lateral no sentido contrário;1;1;1;0;0;0;1
13/01/2021;12:37:00;234;Acidente com vítima;221,4;BR-163/MS;SUL;Colisão lateral no mesmo sentido;1;3;0;0;1;0;2
13/01/2021;19:07:00;379;Acidente sem vítima;393;BR-163/MS;SUL;Colisão lateral no mesmo sentido;1;3;0;0;0;0;1
13/01/2021;21:02:00;398;Acidente com vítima;152;BR-163/MS;NORTE;Tombamento;1;2;0;1;0;0;2
14/01/2021;21:33:00;444;Acidente com vítima;266,505;BR-163/MS;NORTE;Colisão com veículos (traseira);1;2;0;0;1;0;2
15/01/2021;13:17:00;236;Acidente sem vítima;323,193;BR-163/MS;SUL;Tombamento;1;1;0;0;0;0;1
15/01/2021;13:33:00;241;Acidente sem vítima;205,652;BR-163/MS;SUL;Colisão c/ obstáculos;1;6;0;0;0;0;1
15/01/2021;15:01:00;259;Acidente sem vítima;470;BR-163/MS;NORTE;Colisão com veículos (traseira);2;3;0;0;0;0;1
15/01/2021;17:10:00;298;Acidente com vítima;174,115;BR-163/MS;SUL;Colisão com veículos (traseira);2;1;0;1;0;0;2
15/01/2021;18:12:00;311;Acidente sem vítima;76,44;BR-163/MS;NORTE;Colisão com veículos (traseira);1;2;0;0;0;0;1
15/01/2021;19:56:00;336;Acidente com vítima;679,533;BR-163/MS;NORTE;Colisão lateral no sentido contrário;4;12;1;1;0;0;2
16/01/2021;15:31:00;239;Acidente sem vítima;365,958;BR-163/MS;NORTE;Saídas de pista;1;1;0;0;0;0;1
18/01/2021;02:48:00;14;Acidente com vítima;562,292;BR-163/MS;NORTE;Saídas de pista;1;0;1;0;0;0;1
18/01/2021;10:41:00;241;Acidente sem vítima;58,9;BR-163/MS;NORTE;Colisão lateral no mesmo sentido;2;4;0;0;0;0;1
18/01/2021;11:08:00;252;Acidente com morte;788,106;BR-163/MS;NORTE;Colisão lateral no sentido contrário;1;2;0;0;0;2;3
19/01/2021;10:14:00;175;Acidente com vítima;23;BR-163/MS;SUL;Colisão lateral no sentido contrário;1;3;1;0;0;0;1
20/01/2021;13:08:00;289;Acidente com vítima;730,341;BR-163/MS;SUL;Colisão com veículos (traseira);1;4;2;0;0;0;1
20/01/2021;17:24:00;385;Acidente sem vítima;21;BR-163/MS;SUL;Colisão c/ obstáculos;1;2;0;0;0;0;1
20/01/2021;18:32:00;402;Acidente sem vítima;388,639;BR-163/MS;NORTE;Tombamento;1;3;0;0;0;0;1
20/01/2021;18:47:00;405;Acidente sem vítima;455,827;BR-163/MS;NORTE;Colisão lateral no sentido contrário;2;3;0;0;0;0;1
21/01/2021;10:21:00;190;Acidente sem vítima;470;BR-163/MS;NORTE;Colisão lateral no sentido contrário;1;3;0;0;0;0;1
21/01/2021;15:35:00;327;Acidente sem vítima;265,5;BR-163/MS;SUL;Colisão com veículos (traseira);1;4;0;0;0;0;1
22/01/2021;08:27:00;132;Acidente com vítima;487;BR-163/MS;NORTE;Colisão lateral no sentido contrário;1;1;0;1;0;0;2
23/01/2021;13:54:00;280;Acidente sem vítima;500,697;BR-163/MS;NORTE;Saídas de pista;1;4;0;0;0;0;1
24/01/2021;01:40:00;10;Acidente com vítima;195,698;BR-163/MS;NORTE;Colisão lateral no sentido contrário;1;2;0;1;0;0;2
25/01/2021;06:15:00;41;Acidente sem vítima;117,223;BR-163/MS;NORTE;Colisão com veículos (traseira);2;3;0;0;0;0;1
29/01/2021;04:44:00;30;Acidente sem vítima;379,51;BR-163/MS;SUL;Saídas de pista;1;2;0;0;0;0;1
30/01/2021;05:05:00;36;Acidente sem vítima;667,483;BR-163/MS;NORTE;Saídas de pista;1;1;0;0;0;0;1
30/01/2021;21:26:00;389;Acidente com morte;663,347;BR-163/MS;NORTE;Colisão com veículos (frontal);2;2;1;0;1;1;3
31/01/2021;14:53:00;192;Acidente com vítima;544,719;BR-163/MS;NORTE;Tombamento;1;1;0;0;1;0;2
01/02/2021;14:02:00;297;Acidente sem vítima;214;BR-163/MS;SUL;Tombamento;1;1;0;0;0;0;1
02/02/2021;23:39:00;460;Acidente com vítima;602,518;BR-163/MS;NORTE;Colisão c/ obstáculos;1;2;1;0;0;0;1
03/02/2021;11:18:00;198;Acidente sem vítima;806,496;BR-163/MS;NORTE;Tombamento;1;3;0;0;0;0;1
04/02/2021;14:22:00;244;Acidente com vítima;520,548;BR-163/MS;SUL;Tombamento;1;1;1;0;0;0;1
06/02/2021;04:49:00;25;Acidente com vítima;693,754;BR-163/MS;NORTE;Colisão com veículos (traseira);1;2;1;0;0;0;1
06/02/2021;10:03:00;125;Acidente com vítima;456;BR-163/MS;SUL;Colisão lateral no sentido contrário;2;1;1;1;0;0;2
07/02/2021;04:43:00;27;Acidente com vítima;241,444;BR-163/MS;SUL;Colisão lateral no mesmo sentido;1;1;2;0;0;0;1
07/02/2021;22:05:00;422;Acidente com vítima;485;BR-163/MS;NORTE;Colisão lateral no mesmo sentido;1;1;2;0;0;0;1
08/02/2021;08:30:00;104;Acidente sem vítima;484;BR-163/MS;NORTE;Colisão lateral no mesmo sentido;1;5;0;0;0;0;1
10/02/2021;08:12:00;89;Acidente com vítima;479,283;BR-163/MS;SUL;Colisão lateral no sentido contrário;1;1;0;0;1;0;2
10/02/2021;11:01:00;157;Acidente sem vítima;20,267;BR-163/MS;NORTE;Tombamento;1;4;0;0;0;0;1
10/02/2021;15:45:00;260;Acidente com vítima;173,874;BR-163/MS;SUL;Colisão com veículos (traseira);2;5;2;0;0;0;1
10/02/2021;20:27:00;333;Acidente sem vítima;76,36;BR-163/MS;NORTE;Colisão c/ obstáculos;1;3;0;0;0;0;1
14/02/2021;11:13:00;144;Acidente com vítima;678;BR-163/MS;NORTE;Tombamento;1;2;1;0;0;0;1
15/02/2021;15:34:00;264;Acidente sem vítima;613,237;BR-163/MS;SUL;Colisão c/ obstáculos;1;3;0;0;0;0;1
16/02/2021;12:16:00;176;Acidente sem vítima;507,294;BR-163/MS;SUL;Tombamento;1;1;0;0;0;0;1
16/02/2021;20:37:00;319;Acidente sem vítima;386,867;BR-163/MS;SUL;Atropelamento de animais;1;3;0;0;0;0;1
16/02/2021;21:18:00;326;Acidente sem vítima;401,65;BR-163/MS;NORTE;Atropelamento de animais;1;2;0;0;0;0;1
20/02/2021;22:01:00;350;Atropelamento com morte;728,338;BR-163/MS;NORTE;Atropelamento de pedestre;1;3;0;0;0;1;3
21/02/2021;06:32:00;37;Acidente com morte;559,764;BR-163/MS;SUL;Capotamento;1;1;1;0;0;1;3
21/02/2021;07:48:00;58;Atropelamento sem morte;20,733;BR-163/MS;NORTE;Atropelamento de pedestre;1;4;1;0;0;0;1
22/02/2021;15:04:00;238;Acidente com vítima;838,4;BR-163/MS;SUL;Tombamento;1;2;1;0;0;0;1
25/02/2021;07:22:00;79;Acidente sem vítima;191,282;BR-163/MS;NORTE;Saídas de pista;1;3;0;0;0;0;1
25/02/2021;21:03:00;368;Atropelamento sem morte;126,251;BR-163/MS;SUL;Atropelamento de pedestre;1;2;0;0;1;0;2
26/02/2021;11:34:00;197;Acidente sem vítima;795,872;BR-163/MS;NORTE;Colisão lateral no mesmo sentido;1;5;0;0;0;0;1
26/02/2021;12:50:00;208;Acidente sem vítima;735,796;BR-163/MS;SUL;Tombamento;1;2;0;0;0;0;1
27/02/2021;05:17:00;21;Acidente com vítima;600;BR-163/MS;NORTE;Tombamento;1;0;1;0;0;0;1
27/02/2021;08:42:00;93;Acidente com vítima;465,411;BR-163/MS;NORTE;Engavetamento;1;6;0;1;0;0;2
27/02/2021;20:25:00;267;Acidente com vítima;634;BR-163/MS;SUL;Tombamento;1;2;1;1;0;0;2
01/03/2021;05:04:00;48;Acidente com vítima;408,12;BR-163/MS;NORTE;Colisão com veículos (traseira);1;1;0;0;1;0;2
02/03/2021;23:57:00;363;Acidente sem vítima;149;BR-163/MS;NORTE;Saídas de pista;1;3;0;0;0;0;1
04/03/2021;20:58:00;311;Acidente com morte;149,5;BR-163/MS;NORTE;Colisão lateral no sentido contrário;1;3;0;0;0;1;3
05/03/2021;11:08:00;133;Acidente com vítima;727,194;BR-163/MS;NORTE;Colisão lateral no mesmo sentido;1;1;1;0;0;0;1
05/03/2021;12:52:00;164;Acidente sem vítima;158,221;BR-163/MS;SUL;Colisão com veículos (traseira);2;3;0;0;0;0;1
05/03/2021;15:18:00;198;Acidente com vítima;350,699;BR-163/MS;NORTE;Colisão lateral no mesmo sentido;1;2;1;0;0;0;1
05/03/2021;22:29:00;285;Acidente sem vítima;164,828;BR-163/MS;SUL;Tombamento;1;3;0;0;0;0;1
06/03/2021;16:00:00;188;Acidente sem vítima;144,66;BR-163/MS;SUL;Tombamento;1;3;0;0;0;0;1
07/03/2021;13:12:00;169;Acidente com morte;563,8;BR-163/MS;NORTE;Colisão lateral no mesmo sentido;1;1;1;0;0;1;3
08/03/2021;06:42:00;52;Acidente sem vítima;485;BR-163/MS;NORTE;Colisão com veículos (traseira);1;3;0;0;0;0;1
08/03/2021;15:19:00;208;Acidente com vítima;174,109;BR-163/MS;NORTE;Tombamento;1;1;1;0;0;0;1
09/03/2021;19:51:00;338;Acidente com morte;335,715;BR-163/MS;NORTE;Colisão com veículos (frontal);1;4;0;0;1;1;3
10/03/2021;11:28:00;180;Acidente sem vítima;269,723;BR-163/MS;SUL;Colisão com veículos (traseira);2;7;0;0;0;0;1
12/03/2021;06:23:00;51;Acidente com morte;117,467;BR-163/MS;SUL;Colisão com veículos (traseira);2;1;0;0;0;1;3
12/03/2021;16:22:00;264;Acidente com vítima;501;BR-163/MS;SUL;Colisão com veículos (traseira);1;1;1;0;1;0;2
14/03/2021;04:37:00;40;Acidente sem vítima;236,68;BR-163/MS;NORTE;Colisão c/ obstáculos;1;1;0;0;0;0;1
15/03/2021;14:55:00;256;Acidente com vítima;43,519;BR-163/MS;NORTE;Colisão lateral no sentido contrário;2;2;2;0;0;0;1
16/03/2021;06:59:00;62;Acidente sem vítima;553,639;BR-163/MS;SUL;Colisão com veículos (traseira);2;6;0;0;0;0;1
17/03/2021;14:19:00;214;Acidente sem vítima;304,841;BR-163/MS;NORTE;Engavetamento;1;3;0;0;0;0;1
17/03/2021;22:53:00;306;Acidente sem vítima;693,189;BR-163/MS;SUL;Colisão c/ obstáculos;1;2;0;0;0;0;1
18/03/2021;19:24:00;273;Acidente com vítima;22,95;BR-163/MS;NORTE;Colisão com veículos (traseira);1;1;0;1;0;0;2
18/03/2021;19:34:00;275;Acidente com morte;22,8;BR-163/MS;SUL;Colisão com veículos (frontal);2;5;0;0;0;1;3
19/03/2021;13:51:00;250;Acidente sem vítima;181,232;BR-163/MS;NORTE;Tombamento;1;2;0;0;0;0;1
19/03/2021;16:48:00;301;Acidente sem vítima;209;BR-163/MS;NORTE;Colisão lateral no sentido contrário;1;2;0;0;0;0;1
21/03/2021;12:38:00;197;Acidente sem vítima;270,95;BR-163/MS;SUL;Colisão lateral no mesmo sentido;1;5;0;0;0;0;1
21/03/2021;17:20:00;273;Acidente sem vítima;364,9;BR-163/MS;NORTE;Colisão com veículos (traseira);1;4;0;0;0;0;1
24/03/2021;07:38:00;96;Acidente com vítima;0,282;BR-163/MS;NORTE;Tombamento;1;1;0;1;0;0;2
24/03/2021;18:38:00;326;Acidente sem vítima;691,285;BR-163/MS;SUL;Colisão lateral no mesmo sentido;1;2;0;0;0;0;1
24/03/2021;19:48:00;347;Acidente com vítima;526,379;BR-163/MS;NORTE;Colisão com veículos (traseira);2;5;1;0;0;0;1
25/03/2021;00:08:00;1;Acidente com vítima;748,687;BR-163/MS;SUL;Tombamento;1;3;0;1;0;0;2
25/03/2021;14:10:00;257;Acidente com vítima;704,52;BR-163/MS;SUL;Colisão c/ obstáculos;1;5;1;0;0;0;1
25/03/2021;23:33:00;403;Acidente sem vítima;146,297;BR-163/MS;SUL;Tombamento;1;1;0;0;0;0;1
28/03/2021;09:07:00;86;Acidente sem vítima;390,429;BR-163/MS;SUL;Colisão lateral no mesmo sentido;2;7;0;0;0;0;1
29/03/2021;09:28:00;184;Acidente com morte;666,23;BR-163/MS;NORTE;Capotamento;1;1;0;0;0;1;3
30/03/2021;09:22:00;136;Acidente sem vítima;484,3;BR-163/MS;SUL;Colisão lateral no mesmo sentido;1;3;0;0;0;0;1
30/03/2021;15:18:00;233;Acidente sem vítima;334;BR-163/MS;SUL;Colisão lateral no mesmo sentido;2;4;0;0;0;0;1
31/03/2021;01:28:00;19;Acidente sem vítima;384,77;BR-163/MS;SUL;Saídas de pista;1;1;0;0;0;0;1
31/03/2021;11:23:00;188;Acidente com vítima;251,341;BR-163/MS;NORTE;Colisão com veículos (traseira);1;1;0;0;1;0;2
31/03/2021;14:05:00;241;Acidente com vítima;485,744;BR-163/MS;SUL;Engavetamento;2;7;1;0;0;0;1
31/03/2021;19:29:00;327;Acidente com vítima;479,974;BR-163/MS;SUL;Colisão com veículos (traseira);1;1;0;1;0;0;2
02/04/2021;08:40:00;144;Acidente sem vítima;226,8;BR-163/MS;NORTE;Colisão com veículos (traseira);2;4;0;0;0;0;1
04/04/2021;12:24:00;125;Acidente com vítima;192,95;BR-163/MS;SUL;Tombamento;1;0;1;1;0;0;2
07/04/2021;16:09:00;321;Acidente sem vítima;36,5;BR-163/MS;NORTE;Saídas de pista;1;1;0;0;0;0;1
08/04/2021;12:01:00;198;Acidente sem vítima;237;BR-163/MS;SUL;Colisão lateral no mesmo sentido;1;3;0;0;0;0;1
08/04/2021;13:47:00;239;Acidente sem vítima;140,918;BR-163/MS;SUL;Tombamento;1;2;0;0;0;0;1
08/04/2021;17:12:00;301;Acidente sem vítima;117,623;BR-163/MS;NORTE;Colisão lateral no sentido contrário;1;6;0;0;0;0;1
09/04/2021;23:46:00;344;Acidente sem vítima;618,465;BR-163/MS;SUL;Colisão lateral no sentido contrário;1;2;0;0;0;0;1
11/04/2021;05:31:00;29;Acidente sem vítima;94,874;BR-163/MS;SUL;Colisão lateral no mesmo sentido;1;2;0;0;0;0;1
12/04/2021;10:11:00;151;Acidente com vítima;177,649;BR-163/MS;NORTE;Colisão lateral no mesmo sentido;1;2;1;0;0;0;1
15/04/2021;10:24:00;230;Acidente com vítima;597;BR-163/MS;SUL;Colisão c/ obstáculos;1;2;1;0;0;0;1
16/04/2021;18:28:00;351;Acidente sem vítima;781,812;BR-163/MS;SUL;Atropelamento de animais;1;1;0;0;0;0;1
17/04/2021;21:35:00;299;Acidente sem vítima;735,802;BR-163/MS;SUL;Tombamento;1;3;0;0;0;0;1
18/04/2021;07:24:00;52;Acidente sem vítima;424,554;BR-163/MS;NORTE;Tombamento;1;2;0;0;0;0;1
18/04/2021;16:19:00;215;Acidente sem vítima;621,707;BR-163/MS;NORTE;Colisão c/ obstáculos;1;8;0;0;0;0;1
19/04/2021;13:34:00;185;Acidente com vítima;41,881;BR-163/MS;SUL;Tombamento;1;1;0;1;0;0;2
20/04/2021;08:32:00;104;Acidente com vítima;86,806;BR-163/MS;SUL;Colisão lateral no mesmo sentido;1;4;2;0;0;0;1
23/04/2021;07:11:00;59;Acidente com vítima;498;BR-163/MS;SUL;Colisão c/ obstáculos;1;1;1;0;0;0;1
23/04/2021;12:25:00;194;Acidente sem vítima;838;BR-163/MS;SUL;Saídas de pista;1;1;0;0;0;0;1
27/04/2021;20:38:00;286;Acidente sem vítima;475,22;BR-163/MS;NORTE;Colisão lateral no sentido contrário;1;4;0;0;0;0;1
28/04/2021;12:50:00;224;Acidente com vítima;386;BR-163/MS;NORTE;Capotamento;1;3;1;0;0;0;1
29/04/2021;08:30:00;107;Acidente sem vítima;447,3;BR-163/MS;SUL;Tombamento;1;3;0;0;0;0;1
29/04/2021;18:31:00;279;Acidente com vítima;264,7;BR-163/MS;SUL;Colisão lateral no mesmo sentido;1;3;0;0;1;0;2
29/04/2021;20:08:00;300;Acidente sem vítima;589,511;BR-163/MS;NORTE;Tombamento;1;2;0;0;0;0;1
30/04/2021;09:26:00;124;Acidente com vítima;462;BR-163/MS;NORTE;Colisão lateral no sentido contrário;1;2;1;0;0;0;1
30/04/2021;20:49:00;295;Acidente sem vítima;313,409;BR-163/MS;SUL;Colisão com veículos (traseira);1;5;0;0;0;0;1
03/05/2021;17:27:00;275;Acidente sem vítima;256;BR-163/MS;NORTE;Colisão lateral no mesmo sentido;1;6;0;0;0;0;1
04/05/2021;06:08:00;29;Acidente com morte;507,34;BR-163/MS;NORTE;Colisão lateral no sentido contrário;1;2;1;1;0;1;3
04/05/2021;07:26:00;58;Acidente com vítima;481,727;BR-163/MS;NORTE;Colisão lateral no mesmo sentido;1;1;1;0;0;0;1
04/05/2021;16:55:00;285;Acidente sem vítima;332,756;BR-163/MS;NORTE;Colisão lateral no mesmo sentido;1;3;0;0;0;0;1
04/05/2021;19:50:00;335;Acidente sem vítima;76,648;BR-163/MS;NORTE;Colisão com veículos (traseira);1;2;0;0;0;0;1
05/05/2021;15:20:00;269;Acidente com vítima;581,9;BR-163/MS;NORTE;Tombamento;1;1;1;0;0;0;1
06/05/2021;17:37:00;303;Acidente sem vítima;480,321;BR-163/MS;SUL;Engavetamento;1;5;0;0;0;0;1
07/05/2021;05:47:00;35;Acidente com vítima;361,61;BR-163/MS;NORTE;Colisão lateral no sentido contrário;1;1;1;0;0;0;1
08/05/2021;11:54:00;158;Acidente com vítima;270;BR-163/MS;NORTE;Colisão c/ obstáculos;1;1;1;0;0;0;1
08/05/2021;13:08:00;178;Acidente com vítima;356,6;BR-163/MS;SUL;Colisão com veículos (traseira);1;4;0;1;0;0;2
10/05/2021;14:16:00;207;Acidente com vítima;418,147;BR-163/MS;NORTE;Colisão com veículos (traseira);1;1;0;0;1;0;2
12/05/2021;12:55:00;204;Acidente sem vítima;841,364;BR-163/MS;SUL;Colisão com veículos (traseira);1;4;0;0;0;0;1
13/05/2021;02:20:00;16;Acidente sem vítima;151,835;BR-163/MS;NORTE;Tombamento;1;1;0;0;0;0;1
13/05/2021;19:59:00;260;Acidente sem vítima;616,387;BR-163/MS;SUL;Colisão lateral no mesmo sentido;1;2;0;0;0;0;1
16/05/2021;00:50:00;5;Acidente sem vítima;117,635;BR-163/MS;SUL;Colisão lateral no mesmo sentido;1;8;0;0;0;0;1
16/05/2021;09:30:00;85;Acidente sem vítima;394;BR-163/MS;NORTE;Colisão lateral no mesmo sentido;1;3;0;0;0;0;1
17/05/2021;12:49:00;167;Acidente sem vítima;97,245;BR-163/MS;NORTE;Tombamento;1;3;0;0;0;0;1
17/05/2021;16:53:00;225;Acidente sem vítima;483;BR-163/MS;NORTE;Colisão com veículos (frontal);1;3;0;0;0;0;1
18/05/2021;15:48:00;258;Acidente sem vítima;485,703;BR-163/MS;SUL;Colisão com veículos (traseira);1;4;0;0;0;0;1
18/05/2021;19:35:00;332;Acidente com morte;796,726;BR-163/MS;SUL;Colisão com veículos (frontal);1;1;0;0;0;1;3
20/05/2021;07:14:00;62;Acidente sem vítima;365,127;BR-163/MS;SUL;Colisão com veículos (traseira);2;6;0;0;0;0;1