data;horario;n_da_ocorrencia;tipo_de_ocorrencia;km;trecho;sentido;tipo_de_acidente;caminhao;ilesos;levemente_feridos;moderadamente_feridos;gravemente_feridos;mortos;3
21/05/2021;05:38:00;31;Acidente sem vítima;470,59;BR-163/MS;SUL;Colisão lateral no mesmo sentido;1;5;0;0;0;0;1
21/05/2021;08:22:00;117;Acidente com vítima;608,82;BR-163/MS;NORTE;Colisão com veículos (traseira);2;2;1;0;0;0;1
22/05/2021;09:40:00;107;Acidente com vítima;363,944;BR-163/MS;NORTE;Tombamento;1;1;1;0;0;0;1
22/05/2021;11:52:00;139;Acidente com morte;568,668;BR-163/MS;NORTE;Colisão com veículos (frontal);2;1;1;0;0;2;3
23/05/2021;18:51:00;229;Acidente com vítima;131,125;BR-163/MS;SUL;Colisão com veículos (frontal);1;2;0;1;0;0;2
25/05/2021;11:32:00;158;Acidente sem vítima;453,432;BR-163/MS;NORTE;Saídas de pista;1;3;0;0;0;0;1
26/05/2021;16:56:00;288;Acidente sem vítima;642,316;BR-163/MS;SUL;Saídas de pista;1;1;0;0;0;0;1
27/05/2021;12:32:00;207;Acidente sem vítima;512;BR-163/MS;NORTE;Colisão com veículos (traseira);2;5;0;0;0;0;1
27/05/2021;19:40:00;301;Acidente sem vítima;500,512;BR-163/MS;SUL;Capotamento;1;4;0;0;0;0;1
27/05/2021;23:16:00;326;Acidente sem vítima;596,193;BR-163/MS;SUL;Tombamento;1;3;0;0;0;0;1
29/05/2021;20:48:00;242;Acidente sem vítima;23,192;BR-163/MS;NORTE;Colisão lateral no sentido contrário;1;2;0;0;0;0;1
29/05/2021;22:10:00;260;Acidente sem vítima;341,706;BR-163/MS;SUL;Colisão com veículos (traseira);2;4;0;0;0;0;1
30/05/2021;05:55:00;23;Acidente sem vítima;100,45;BR-163/MS;NORTE;Colisão lateral no mesmo sentido;1;7;0;0;0;0;1
31/05/2021;17:48:00;246;Acidente com vítima;217,49;BR-163/MS;NORTE;Colisão com veículos (frontal);2;2;1;0;0;0;1
31/05/2021;17:55:00;247;Acidente sem vítima;486,48;BR-163/MS;NORTE;Colisão lateral no sentido contrário;1;2;0;0;0;0;1
01/06/2021;07:11:00;41;Acidente sem vítima;225,22;BR-163/MS;NORTE;Colisão com veículos (traseira);2;4;0;0;0;0;1
01/06/2021;13:03:00;216;Acidente sem vítima;207,62;BR-163/MS;NORTE;Colisão lateral no sentido contrário;1;4;0;0;0;0;1
01/06/2021;15:23:00;253;Acidente sem vítima;368,711;BR-163/MS;NORTE;Tombamento;1;3;0;0;0;0;1
02/06/2021;12:25:00;202;Acidente sem vítima;393,762;BR-163/MS;SUL;Colisão c/ obstáculos;1;5;0;0;0;0;1
02/06/2021;13:34:00;223;Acidente sem vítima;466;BR-163/MS;NORTE;Tombamento;1;3;0;0;0;0;1
02/06/2021;15:35:00;254;Acidente com vítima;464,8;BR-163/MS;SUL;Colisão com veículos (frontal);2;5;1;0;0;0;1
03/06/2021;05:41:00;29;Acidente sem vítima;806,49;BR-163/MS;SUL;Tombamento;1;2;0;0;0;0;1
03/06/2021;11:04:00;175;Acidente sem vítima;31;BR-163/MS;NORTE;Colisão com veículos (traseira);1;3;0;0;0;0;1
09/06/2021;14:33:00;186;Acidente com vítima;482,374;BR-163/MS;NORTE;Colisão com veículos (traseira);1;3;1;0;0;0;1
09/06/2021;19:01:00;243;Acidente sem vítima;18,301;BR-163/MS;SUL;Colisão lateral no sentido contrário;1;5;0;0;0;0;1
09/06/2021;21:51:00;264;Acidente sem vítima;216,784;BR-163/MS;SUL;Saídas de pista;1;2;0;0;0;0;1
10/06/2021;18:17:00;231;Acidente sem vítima;533,241;BR-163/MS;NORTE;Colisão com veículos (traseira);1;2;0;0;0;0;1
10/06/2021;23:20:00;271;Acidente sem vítima;450,389;BR-163/MS;SUL;Tombamento;1;3;0;0;0;0;1
11/06/2021;05:23:00;11;Acidente sem vítima;546,58;BR-163/MS;SUL;Tombamento;1;1;0;0;0;0;1
11/06/2021;07:12:00;44;Acidente sem vítima;553,322;BR-163/MS;SUL;Saídas de pista;1;2;0;0;0;0;1
12/06/2021;03:08:00;18;Acidente sem vítima;241,258;BR-163/MS;SUL;Colisão c/ obstáculos;1;1;0;0;0;0;1
12/06/2021;09:44:00;112;Acidente sem vítima;822;BR-163/MS;NORTE;Colisão c/ obstáculos;1;2;0;0;0;0;1
13/06/2021;20:51:00;260;Acidente sem vítima;31,1;BR-163/MS;SUL;Tombamento;1;1;0;0;0;0;1
14/06/2021;07:57:00;70;Acidente sem vítima;479,639;BR-163/MS;NORTE;Tombamento;1;1;0;0;0;0;1
14/06/2021;12:54:00;170;Acidente com vítima;703;BR-163/MS;SUL;Colisão com veículos (traseira);1;6;2;0;0;0;1
14/06/2021;13:06:00;172;Acidente sem vítima;177;BR-163/MS;NORTE;Colisão com veículos (traseira);1;2;0;0;0;0;1
16/06/2021;14:41:00;216;Acidente sem vítima;498;BR-163/MS;NORTE;Colisão com veículos (traseira);2;3;0;0;0;0;1
16/06/2021;15:11:00;227;Acidente sem vítima;25;BR-163/MS;NORTE;Tombamento;1;3;0;0;0;0;1
16/06/2021;23:36:00;303;Acidente sem vítima;63,713;BR-163/MS;NORTE;Tombamento;1;4;0;0;0;0;1
17/06/2021;17:58:00;254;Acidente sem vítima;582,7;BR-163/MS;NORTE;Colisão com veículos (traseira);1;5;0;0;0;0;1
18/06/2021;18:06:00;319;Acidente com vítima;365,781;BR-163/MS;NORTE;Engavetamento;1;5;1;0;0;0;1
19/06/2021;19:25:00;318;Acidente sem vítima;412,418;BR-163/MS;NORTE;Colisão com veículos (frontal);1;3;0;0;0;0;1
20/06/2021;08:47:00;80;Acidente sem vítima;218,434;BR-163/MS;SUL;Colisão lateral no mesmo sentido;1;5;0;0;0;0;1
22/06/2021;09:50:00;136;Acidente sem vítima;124,665;BR-163/MS;SUL;Tombamento;1;3;0;0;0;0;1
24/06/2021;09:46:00;170;Acidente com vítima;477,475;BR-163/MS;NORTE;Engavetamento;1;3;1;0;0;0;1
25/06/2021;17:04:00;252;Acidente com vítima;822;BR-163/MS;NORTE;Colisão lateral no sentido contrário;1;1;1;0;0;0;1
25/06/2021;19:45:00;285;Acidente com vítima;514;BR-163/MS;NORTE;Colisão com veículos (traseira);2;2;1;0;0;0;1
27/06/2021;12:46:00;150;Acidente sem vítima;662,63;BR-163/MS;NORTE;Tombamento;1;2;0;0;0;0;1
28/06/2021;12:31:00;190;Acidente com vítima;64,8;BR-163/MS;NORTE;Colisão lateral no mesmo sentido;2;5;0;1;0;0;2
29/06/2021;18:28:00;322;Acidente sem vítima;117;BR-163/MS;NORTE;Colisão com veículos (traseira);1;6;0;0;0;0;1
02/07/2021;08:12:00;96;Acidente sem vítima;115,213;BR-163/MS;SUL;Colisão com veículos (traseira);1;3;0;0;0;0;1
03/07/2021;13:41:00;265;Acidente sem vítima;36,348;BR-163/MS;NORTE;Colisão lateral no mesmo sentido;2;5;0;0;0;0;1
05/07/2021;11:10:00;163;Acidente sem vítima;189,892;BR-163/MS;SUL;Colisão lateral no sentido contrário;1;4;0;0;0;0;1
06/07/2021;01:15:00;5;Acidente sem vítima;423,0;BR-163/MS;SUL;Atropelamento de animais;1;1;0;0;0;0;1
06/07/2021;11:06:00;146;Acidente sem vítima;485,50;BR-163/MS;NORTE;Engavetamento;1;38;0;0;0;0;1
07/07/2021;08:17:00;95;Acidente sem vítima;66,673;BR-163/MS;NORTE;Colisão lateral no mesmo sentido;1;6;0;0;0;0;1
09/07/2021;15:25:00;213;Acidente com morte;452,825;BR-163/MS;SUL;Colisão com veículos (frontal);1;1;2;1;1;2;3
09/07/2021;22:01:00;282;Acidente sem vítima;546,244;BR-163/MS;SUL;Colisão lateral no mesmo sentido;1;7;0;0;0;0;1
16/07/2021;20:31:00;350;Acidente com morte;250,202;BR-163/MS;NORTE;Colisão lateral no mesmo sentido;1;2;0;0;0;1;3
10/07/2021;18:38:00;212;Acidente com vítima;554,554;BR-163/MS;NORTE;Capotamento;1;8;0;1;0;0;2
11/07/2021;16:23:00;197;Acidente sem vítima;278,782;BR-163/MS;NORTE;Colisão lateral no mesmo sentido;1;2;0;0;0;0;1
12/07/2021;16:51:00;283;Acidente sem vítima;511,133;BR-163/MS;SUL;Colisão c/ obstáculos;1;1;0;0;0;0;1
14/07/2021;18:39:00;316;Acidente sem vítima;486,183;BR-163/MS;NORTE;Engavetamento;3;4;0;0;0;0;1
15/07/2021;21:38:00;331;Acidente com vítima;210,800;BR-163/MS;NORTE;Colisão com veículos (traseira);1;17;8;0;0;0;1
16/07/2021;09:17:00;151;Acidente sem vítima;57,712;BR-163/MS;SUL;Tombamento;1;2;0;0;0;0;1
16/07/2021;10:02:00;173;Acidente com vítima;57,288;BR-163/MS;SUL;Engavetamento;2;3;0;1;0;0;2
16/07/2021;13:03:00;228;Acidente com morte;578,54;BR-163/MS;SUL;Engavetamento;3;6;0;0;0;1;3
19/07/2021;10:44:00;142;Acidente sem vítima;679,500;BR-163/MS;NORTE;Colisão c/ obstáculos;2;4;0;0;0;0;1
19/07/2021;11:43:00;156;Acidente com vítima;793,62;BR-163/MS;SUL;Colisão lateral no sentido contrário;1;4;1;0;0;0;1
19/07/2021;15:33:00;232;Acidente com vítima;556,900;BR-163/MS;SUL;Colisão lateral no mesmo sentido;2;3;2;0;1;0;2
19/07/2021;18:22:00;267;Acidente com vítima;609,205;BR-163/MS;SUL;Tombamento;1;1;1;0;0;0;1
19/07/2021;19:20:00;276;Acidente sem vítima;263,60;BR-163/MS;SUL;Colisão com veículos (traseira);1;4;0;0;0;0;1
21/07/2021;19:28:00;322;Acidente com vítima;408,241;BR-163/MS;NORTE;Tombamento;1;2;3;0;0;0;1
23/07/2021;05:29:00;29;Acidente com vítima;732,224;BR-163/MS;SUL;Capotamento;1;2;0;1;0;0;2
23/07/2021;10:01:00;135;Acidente com vítima;614,0;BR-163/MS;NORTE;Colisão lateral no sentido contrário;1;1;1;0;0;0;1
23/07/2021;15:19:00;237;Acidente com vítima;512,673;BR-163/MS;NORTE;Capotamento;1;0;0;1;0;0;2
23/07/2021;19:08:00;294;Acidente com vítima;117,0;BR-163/MS;NORTE;Colisão lateral no sentido contrário;1;26;2;0;0;0;1
23/07/2021;19:24:00;295;Acidente sem vítima;726,246;BR-163/MS;SUL;Saídas de pista;1;1;0;0;0;0;1
24/07/2021;03:09:00;18;Acidente sem vítima;389,635;BR-163/MS;NORTE;Tombamento;1;2;0;0;0;0;1
26/07/2021;05:53:00;23;Acidente sem vítima;774,400;BR-163/MS;SUL;Tombamento;1;3;0;0;0;0;1
26/07/2021;22:40:00;357;Acidente com vítima;810,412;BR-163/MS;SUL;Colisão lateral no mesmo sentido;1;3;0;0;1;0;2
27/07/2021;18:11:00;311;Acidente sem vítima;512,189;BR-163/MS;SUL;Colisão com veículos (traseira);2;4;0;0;0;0;1
27/07/2021;23:03:00;347;Acidente sem vítima;172,200;BR-163/MS;SUL;Colisão c/ obstáculos;1;2;0;0;0;0;1
29/07/2021;18:37:00;301;Acidente com vítima;294,754;BR-163/MS;SUL;Colisão com veículos (traseira);1;4;1;0;0;0;1
30/07/2021;04:05:00;14;Acidente com vítima;841,303;BR-163/MS;SUL;Tombamento;1;1;1;0;0;0;1
30/07/2021;09:07:00;123;Acidente sem vítima;597,575;BR-163/MS;SUL;Tombamento;1;3;0;0;0;0;1
30/07/2021;13:57:00;220;Acidente sem vítima;316,0;BR-163/MS;NORTE;Tombamento;1;3;0;0;0;0;1
30/07/2021;14:18:00;228;Acidente sem vítima;452,10;BR-163/MS;SUL;Colisão lateral no mesmo sentido;1;3;0;0;0;0;1
31/07/2021;00:37:00;4;Acidente com morte;232,606;BR-163/MS;SUL;Colisão com veículos (traseira);1;1;0;0;1;0;2
31/07/2021;20:43:00;295;Acidente com vítima;255,276;BR-163/MS;NORTE;Capotamento;1;4;3;0;0;0;1
01/08/2021;09:27:00;108;Acidente com vítima;484,383;BR-163/MS;SUL;Colisão lateral no sentido contrário;1;3;1;0;0;0;1
04/08/2021;12:30:00;236;Acidente sem vítima;373,711;BR-163/MS;NORTE;Colisão lateral no mesmo sentido;2;3;0;0;0;0;1
06/08/2021;05:41:00;20;Acidente sem vítima;834,782;BR-163/MS;NORTE;Atropelamento de animais;1;2;0;0;0;0;1
06/08/2021;12:36:00;161;Acidente sem vítima;485,100;BR-163/MS;NORTE;Colisão com veículos (traseira);1;5;0;0;0;0;1
06/08/2021;12:57:00;165;Acidente com vítima;636,800;BR-163/MS;SUL;Colisão c/ obstáculos;1;0;1;0;0;0;1
06/08/2021;16:56:00;248;Acidente sem vítima;250,925;BR-163/MS;NORTE;Colisão lateral no mesmo sentido;1;5;0;0;0;0;1
06/08/2021;21:19:00;310;Acidente com vítima;123,782;BR-163/MS;SUL;Colisão lateral no mesmo sentido;2;6;1;2;0;0;2
09/08/2021;11:47:00;229;Acidente com vítima;141,583;BR-163/MS;NORTE;Engavetamento;3;6;1;0;0;0;1
10/08/2021;05:56:00;35;Acidente sem vítima;444,789;BR-163/MS;NORTE;Atropelamento de animais;1;1;0;0;0;0;1
10/08/2021;10:46:00;208;Acidente sem vítima;227,993;BR-163/MS;NORTE;Colisão com veículos (traseira);2;6;0;0;0;0;1
10/08/2021;14:20:00;274;Acidente com morte;484,845;BR-163/MS;NORTE;Colisão com veículos (traseira);2;4;0;0;0;1;3
11/08/2021;15:23:00;216;Acidente sem vítima;238,500;BR-163/MS;NORTE;Colisão com veículos (traseira);3;7;0;0;0;0;1
12/08/2021;13:46:00;217;Acidente sem vítima;103,640;BR-163/MS;SUL;Tombamento;1;2;0;0;0;0;1
12/08/2021;16:42:00;264;Acidente sem vítima;44,58;BR-163/MS;NORTE;Tombamento;1;1;0;0;0;0;1
14/08/2021;10:44:00;145;Acidente sem vítima;144,537;BR-163/MS;SUL;Tombamento;1;3;0;0;0;0;1
14/08/2021;15:27:00;238;Acidente sem vítima;254,693;BR-163/MS;NORTE;Colisão com veículos (traseira);1;3;0;0;0;0;1
14/08/2021;19:59:00;300;Acidente com vítima;82,861;BR-163/MS;NORTE;Colisão lateral no mesmo sentido;1;3;2;0;0;0;1
15/08/2021;04:15:00;20;Acidente sem vítima;608,775;BR-163/MS;SUL;Atropelamento de animais;1;5;0;0;0;0;1
16/08/2021;17:21:00;244;Acidente sem vítima;487,475;BR-163/MS;SUL;Colisão com veículos (traseira);2;2;0;0;0;0;1
18/08/2021;10:49:00;185;Acidente com vítima;288,668;BR-163/MS;NORTE;Engavetamento;3;4;1;0;0;0;1
19/08/2021;04:22:00;15;Acidente sem vítima;591,958;BR-163/MS;SUL;Colisão c/ obstáculos;1;2;0;0;0;0;1
19/08/2021;10:52:00;218;Acidente com vítima;608,200;BR-163/MS;NORTE;Colisão com veículos (traseira);1;1;1;0;0;0;1
19/08/2021;12:53:00;262;Acidente com vítima;614,218;BR-163/MS;NORTE;Colisão lateral no sentido contrário;1;1;1;0;0;0;1
19/08/2021;21:06:00;450;Acidente com vítima;25,473;BR-163/MS;NORTE;Colisão com veículos (traseira);2;5;1;0;0;0;1
20/08/2021;08:20:00;92;Acidente com vítima;179,0;BR-163/MS;NORTE;Colisão com veículos (traseira);1;2;2;0;0;0;1
20/08/2021;09:55:00;131;Acidente sem vítima;213,0;BR-163/MS;SUL;Colisão com veículos (traseira);1;2;0;0;0;0;1
20/08/2021;13:50:00;203;Acidente sem vítima;0,100;BR-163/MS;NORTE;Tombamento;1;3;0;0;0;0;1
21/08/2021;14:49:00;200;Acidente sem vítima;681,0;BR-163/MS;NORTE;Colisão lateral no sentido contrário;1;3;0;0;0;0;1
22/08/2021;01:30:00;18;Acidente com morte;60,438;BR-163/MS;NORTE;Colisão lateral no sentido contrário;1;4;0;0;1;1;3
22/08/2021;21:50:00;256;Acidente sem vítima;660,857;BR-163/MS;NORTE;Capotamento;1;1;0;0;0;0;1
23/08/2021;06:03:00;37;Acidente sem vítima;159,127;BR-163/MS;SUL;Tombamento;1;3;0;0;0;0;1
24/08/2021;13:35:00;244;Acidente com vítima;837,947;BR-163/MS;NORTE;Colisão com veículos (frontal);1;4;0;0;1;0;2
25/08/2021;06:40:00;45;Acidente com vítima;478,713;BR-163/MS;NORTE;Colisão lateral no mesmo sentido;1;2;0;1;0;0;2
25/08/2021;15:07:00;211;Acidente sem vítima;666,524;BR-163/MS;NORTE;Tombamento;1;1;0;0;0;0;1
26/08/2021;08:06:00;76;Acidente sem vítima;564,0;BR-163/MS;SUL;Tombamento;1;3;0;0;0;0;1
27/08/2021;19:12:00;326;Acidente sem vítima;252,252;BR-163/MS;SUL;Colisão c/ obstáculos;1;2;0;0;0;0;1
27/08/2021;22:05:00;356;Acidente sem vítima;78,800;BR-163/MS;SUL;Tombamento;1;3;0;0;0;0;1
29/08/2021;12:18:00;157;Acidente com vítima;578,912;BR-163/MS;SUL;Tombamento;1;2;1;0;0;0;1
29/08/2021;16:57:00;255;Acidente sem vítima;171,883;BR-163/MS;SUL;Colisão lateral no sentido contrário;1;3;0;0;0;0;1
29/08/2021;18:28:00;275;Acidente sem vítima;479,960;BR-163/MS;NORTE;Colisão c/ obstáculos;1;1;0;0;0;0;1
31/08/2021;00:06:00;1;Acidente sem vítima;666,232;BR-163/MS;SUL;Saídas de pista;1;2;0;0;0;0;1
01/09/2021;12:17:00;181;Acidente com vítima;728,35;BR-163/MS;SUL;Colisão com veículos (traseira);2;3;0;0;1;0;2
01/09/2021;14:23:00;227;Acidente sem vítima;259,778;BR-163/MS;NORTE;Colisão lateral no mesmo sentido;1;5;0;0;0;0;1
01/09/2021;18:06:00;292;Acidente sem vítima;445,775;BR-163/MS;NORTE;Atropelamento de animais;1;3;0;0;0;0;1
02/09/2021;12:02:00;205;Acidente sem vítima;485,630;BR-163/MS;SUL;Colisão com veículos (traseira);2;4;0;0;0;0;1
03/09/2021;14:17:00;274;Acidente sem vítima;576,438;BR-163/MS;NORTE;Tombamento;1;2;0;0;0;0;1
03/09/2021;16:07:00;319;Acidente com vítima;88,0;BR-163/MS;NORTE;Colisão c/ obstáculos;1;2;1;0;0;0;1
04/09/2021;01:08:00;7;Acidente com vítima;589,600;BR-163/MS;NORTE;Tombamento;1;0;1;0;0;0;1
05/09/2021;12:00:00;104;Acidente com vítima;86,231;BR-163/MS;SUL;Tombamento;1;2;1;0;0;0;1
07/09/2021;15:22:00;230;Acidente com vítima;730,317;BR-163/MS;NORTE;Colisão lateral no sentido contrário;1;4;0;0;1;0;2
07/09/2021;16:18:00;247;Acidente sem vítima;462,182;BR-163/MS;SUL;Colisão lateral no sentido contrário;1;6;0;0;0;0;1
08/09/2021;04:32:00;24;Acidente com vítima;320,773;BR-163/MS;NORTE;Colisão com veículos (frontal);1;2;1;0;0;0;1
09/09/2021;06:31:00;33;Acidente sem vítima;261,932;BR-163/MS;NORTE;Tombamento;1;2;0;0;0;0;1
09/09/2021;07:55:00;62;Acidente sem vítima;98,483;BR-163/MS;SUL;Tombamento;1;1;0;0;0;0;1
09/09/2021;23:04:00;237;Acidente com vítima;838,242;BR-163/MS;NORTE;Tombamento;1;1;1;0;0;0;1
10/09/2021;09:36:00;139;Acidente com vítima;548,416;BR-163/MS;SUL;Colisão lateral no sentido contrário;1;2;2;0;0;0;1
11/09/2021;09:03:00;131;Acidente com vítima;245,796;BR-163/MS;SUL;Colisão com veículos (traseira);3;5;1;0;0;0;1
11/09/2021;16:49:00;260;Acidente com vítima;839,129;BR-163/MS;SUL;Colisão com veículos (frontal);1;3;0;0;1;0;2
12/09/2021;18:20:00;274;Acidente com vítima;372,800;BR-163/MS;SUL;Capotamento;1;2;2;0;0;0;1
13/09/2021;18:12:00;257;Acidente com morte;648,984;BR-163/MS;SUL;Tombamento;1;2;0;0;0;1;3
14/09/2021;10:55:00;140;Acidente sem vítima;485,700;BR-163/MS;SUL;Colisão com veículos (traseira);1;2;0;0;0;0;1
15/09/2021;09:33:00;134;Acidente sem vítima;106,287;BR-163/MS;SUL;Colisão com veículos (traseira);2;4;0;0;0;0;1
15/09/2021;19:02:00;313;Acidente sem vítima;291,751;BR-163/MS;NORTE;Atropelamento de animais;1;2;0;0;0;0;1
16/09/2021;07:46:00;88;Acidente com vítima;452,455;BR-163/MS;SUL;Colisão lateral no mesmo sentido;1;4;1;0;0;0;1
16/09/2021;13:54:00;228;Acidente com vítima;572,900;BR-163/MS;SUL;Colisão lateral no mesmo sentido;1;4;1;0;0;0;1
17/09/2021;00:18:00;2;Acidente sem vítima;238,584;BR-163/MS;NORTE;Tombamento;1;3;0;0;0;0;1
17/09/2021;18:55:00;285;Acidente sem vítima;470,745;BR-163/MS;SUL;Colisão com veículos (traseira);1;7;0;0;0;0;1
18/09/2021;20:31:00;261;Acidente sem vítima;443,518;BR-163/MS;SUL;Atropelamento de animais;1;1;0;0;0;0;1
19/09/2021;13:48:00;171;Acidente com vítima;475,958;BR-163/MS;SUL;Colisão com veículos (traseira);1;1;1;0;0;0;1
20/09/2021;13:19:00;237;Acidente sem vítima;35,100;BR-163/MS;NORTE;Engavetamento;2;6;0;0;0;0;1
21/09/2021;15:18:00;316;Acidente sem vítima;283,29;BR-163/MS;NORTE;Colisão lateral no mesmo sentido;1;3;0;0;0;0;1
21/09/2021;20:06:00;406;Acidente com vítima;780,397;BR-163/MS;SUL;Colisão lateral no mesmo sentido;1;2;0;1;0;0;2
22/09/2021;09:38:00;131;Acidente com vítima;403,641;BR-163/MS;NORTE;Colisão lateral no mesmo sentido;1;3;2;0;0;0;1
24/09/2021;17:24:00;360;Acidente sem vítima;519,364;BR-163/MS;NORTE;Colisão c/ obstáculos;1;4;1;0;0;0;1
25/09/2021;03:37:00;14;Acidente sem vítima;158,646;BR-163/MS;NORTE;Saídas de pista;1;1;0;0;0;0;1
25/09/2021;06:15:00;35;Acidente com vítima;676,809;BR-163/MS;NORTE;Colisão lateral no mesmo sentido;3;7;1;0;0;0;1
26/09/2021;22:36:00;266;Acidente com vítima;803,485;BR-163/MS;NORTE;Colisão c/ obstáculos;3;9;1;0;0;0;1
27/09/2021;16:57:00;219;Acidente com vítima;482,600;BR-163/MS;SUL;Tombamento;1;2;1;0;0;0;1
28/09/2021;06:55:00;46;Acidente com vítima;485,792;BR-163/MS;SUL;Colisão com veículos (traseira);2;5;1;0;0;0;1
30/09/2021;11:44:00;227;Acidente com vítima;776,755;BR-163/MS;NORTE;Colisão lateral no mesmo sentido;1;3;0;1;0;0;2
02/10/2021;04:45:00;12;Acidente sem vítima;734,38;BR-163/MS;SUL;Colisão c/ obstáculos;1;1;0;0;0;0;1
03/10/2021;08:46:00;69;Acidente com morte;374,277;BR-163/MS;NORTE;Colisão com veículos (frontal);1;2;1;0;0;2;3
03/10/2021;09:28:00;80;Acidente sem vítima;37,0;BR-163/MS;NORTE;Colisão lateral no mesmo sentido;2;5;0;0;0;0;1
05/10/2021;02:06:00;10;Acidente sem vítima;216,393;BR-163/MS;SUL;Colisão c/ obstáculos;1;1;0;0;0;0;1
05/10/2021;06:52:00;56;Acidente sem vítima;732,362;BR-163/MS;NORTE;Colisão com veículos (traseira);2;4;0;0;0;0;1
05/10/2021;12:40:00;203;Acidente com vítima;462,186;BR-163/MS;NORTE;Colisão lateral no sentido contrário;1;1;2;0;0;0;1
05/10/2021;16:06:00;264;Acidente sem vítima;316,711;BR-163/MS;SUL;Tombamento;1;2;0;0;0;0;1
05/10/2021;16:58:00;282;Acidente com vítima;367,106;BR-163/MS;NORTE;Tombamento;1;1;1;0;0;0;1
05/10/2021;19:37:00;318;Acidente sem vítima;254,50;BR-163/MS;NORTE;Colisão lateral no mesmo sentido;2;6;0;0;0;0;1
06/10/2021;07:25:00;53;Acidente sem vítima;254,0;BR-163/MS;NORTE;Colisão com veículos (traseira);2;5;0;0;0;0;1
07/10/2021;08:27:00;75;Acidente sem vítima;485,0;BR-163/MS;NORTE;Engavetamento;1;5;0;0;0;0;1
07/10/2021;10:42:00;127;Acidente sem vítima;13,800;BR-163/MS;NORTE;Colisão lateral no mesmo sentido;1;6;0;0;0;0;1
09/10/2021;03:08:00;21;Acidente com vítima;681,394;BR-163/MS;NORTE;Colisão lateral no sentido contrário;1;2;1;0;0;0;1
09/10/2021;05:15:00;36;Acidente com vítima;475,0;BR-163/MS;SUL;Colisão com veículos (traseira);2;3;1;0;0;0;1
10/10/2021;06:53:00;43;Acidente sem vítima;308,787;BR-163/MS;SUL;Tombamento;1;3;0;0;0;0;1
11/10/2021;16:12:00;274;Acidente com vítima;475,846;BR-163/MS;NORTE;Engavetamento;2;5;0;1;0;0;2
11/10/2021;18:50:00;316;Acidente sem vítima;485,0;BR-163/MS;NORTE;Colisão lateral no mesmo sentido;1;2;0;0;0;0;1
12/10/2021;08:22:00;73;Acidente sem vítima;485,0;BR-163/MS;SUL;Colisão com veículos (traseira);1;5;0;0;0;0;1
13/10/2021;21:40:00;342;Acidente sem vítima;397,822;BR-163/MS;NORTE;Colisão com veículos (traseira);2;3;0;0;0;0;1
15/10/2021;20:09:00;328;Acidente com vítima;91,394;BR-163/MS;SUL;Colisão lateral no mesmo sentido;1;1;1;0;0;0;1
15/10/2021;22:17:00;352;Acidente sem vítima;170,896;BR-163/MS;NORTE;Atropelamento de animais;1;3;0;0;0;0;1
16/10/2021;17:24:00;276;Acidente com vítima;246,0;BR-163/MS;NORTE;Colisão lateral no mesmo sentido;1;1;1;0;0;0;1
16/10/2021;18:18:00;288;Acidente sem vítima;160,0;BR-163/MS;NORTE;Tombamento;1;1;0;0;0;0;1
18/10/2021;09:12:00;116;Acidente sem vítima;185,500;BR-163/MS;NORTE;Tombamento;1;3;0;0;0;0;1
18/10/2021;16:35:00;252;Acidente sem vítima;532,747;BR-163/MS;NORTE;Tombamento;1;1;0;0;0;0;1
19/10/2021;15:58:00;276;Acidente com vítima;470,759;BR-163/MS;SUL;Colisão lateral no sentido contrário;1;2;2;0;0;0;1
19/10/2021;19:59:00;322;Acidente com vítima;521,983;BR-163/MS;NORTE;Capotamento;1;3;1;0;0;0;1
19/10/2021;21:00:00;327;Acidente sem vítima;548,690;BR-163/MS;SUL;Tombamento;1;1;0;0;0;0;1
20/10/2021;17:43:00;260;Acidente sem vítima;432,111;BR-163/MS;SUL;Colisão com veículos (traseira);1;9;0;0;0;0;1
21/10/2021;11:04:00;143;Acidente sem vítima;210,0;BR-163/MS;NORTE;Colisão lateral no mesmo sentido;2;6;0;0;0;0;1
21/10/2021;14:41:00;190;Acidente com vítima;813,793;BR-163/MS;NORTE;Colisão com veículos (traseira);2;1;1;0;0;0;1