data;horario;n_da_ocorrencia;tipo_de_ocorrencia;km;trecho;sentido;tipo_de_acidente;caminhao;ilesos;levemente_feridos;moderadamente_feridos;gravemente_feridos;mortos;3
21/10/2021;19:03:00;252;Acidente sem vítima;526,0;BR-163/MS;NORTE;Saídas de pista;1;2;0;0;0;0;1
23/10/2021;05:10:00;19;Acidente com morte;178,900;BR-163/MS;NORTE;Colisão com veículos (frontal);1;3;0;1;0;1;3
23/10/2021;11:13:00;134;Acidente sem vítima;563,422;BR-163/MS;NORTE;Colisão lateral no mesmo sentido;1;2;0;0;0;0;1
27/10/2021;05:10:00;20;Acidente sem vítima;36,957;BR-163/MS;SUL;Colisão com veículos (traseira);1;5;0;0;0;0;1
27/10/2021;10:35:00;140;Acidente com vítima;455,845;BR-163/MS;SUL;Colisão lateral no sentido contrário;1;4;1;0;0;0;1
29/10/2021;09:20:00;108;Acidente com vítima;385,779;BR-163/MS;SUL;Colisão com veículos (traseira);1;4;1;0;0;0;1
29/10/2021;21:30:00;300;Acidente sem vítima;842,700;BR-163/MS;NORTE;Tombamento;1;2;0;0;0;0;1
31/10/2021;10:37:00;122;Acidente sem vítima;662,654;BR-163/MS;NORTE;Tombamento;1;3;0;0;0;0;1
03/11/2021;07:57:29;69;Com vítima;265,000;BR-163/MS;Crescente;Colisão transversal;1;1;1;0;0;0;1
03/11/2021;09:03:55;103;Com vítima;475,252;BR-163/MS;Decrescente;Colisão transversal;1;1;0;0;1;0;2
04/11/2021;03:32:20;15;Com vítima;88,854;BR-163/MS;Crescente;Colisão traseira;1;2;0;0;1;1;3
05/11/2021;11:44:21;198;Sem vítima;609,899;BR-163/MS;Crescente;Tombamento;1;1;0;0;0;0;1
06/11/2021;07:07:30;50;Sem vítima;475,750;BR-163/MS;Crescente;Colisão traseira;1;1;0;0;0;0;1
07/11/2021;13:18:18;112;Com vítima;484,000;BR-163/MS;Crescente;Engavetamento;2;3;1;0;0;0;1
09/11/2021;11:49:03;182;Com vítima;657,000;BR-163/MS;Decrescente;Colisão lateral no mesmo sentido;1;2;1;1;0;0;2
09/11/2021;20:59:13;295;Com vítima;680,761;BR-163/MS;Crescente;Choque;2;1;1;0;0;0;1
10/11/2021;05:14:23;23;Com vítima;276,495;BR-163/MS;Decrescente;Tombamento;1;1;1;0;0;0;1
11/11/2021;09:52:26;118;Sem vítima;17,123;BR-163/MS;Crescente;Colisão lateral no mesmo sentido;1;2;0;0;0;0;1
12/11/2021;15:42:02;231;Sem vítima;21,965;BR-163/MS;Crescente;Colisão traseira;1;3;0;0;0;0;1
14/11/2021;10:15:37;88;Com vítima;6,000;BR-163/MS;Crescente;Choque;1;0;1;0;0;0;1
14/11/2021;14:51:48;131;Com vítima;256,300;BR-163/MS;Decrescente;Tombamento;1;0;1;0;0;0;1
16/11/2021;03:49:56;22;Sem vítima;713,000;BR-163/MS;Crescente;Atropelamento de animal;1;1;0;0;0;0;1
16/11/2021;20:35:41;287;Sem vítima;307,351;BR-163/MS;Crescente;Colisão traseira;1;5;0;0;0;0;1
18/11/2021;20:44:02;257;Sem vítima;307,192;BR-163/MS;Decrescente;Colisão traseira;1;2;0;0;0;0;1
20/11/2021;07:19:34;51;Com vítima;703,341;BR-163/MS;Crescente;Colisão lateral no mesmo sentido;1;2;1;0;0;0;1
21/11/2021;07:04:08;51;Com vítima;626,258;BR-163/MS;Crescente;Colisão traseira;1;2;0;1;0;0;2
25/11/2021;16:35:35;250;Com vítima;555,100;BR-163/MS;Decrescente;Colisão traseira;1;0;4;0;0;0;1
27/11/2021;10:10:49;110;Com vítima;364,201;BR-163/MS;Crescente;Tombamento;1;0;1;0;0;0;1
29/11/2021;03:43:44;14;Sem vítima;640,630;BR-163/MS;Crescente;Tombamento;1;1;0;0;0;0;1
29/11/2021;14:01:13;193;Sem vítima;18,500;BR-163/MS;Crescente;Acidentes de outra natureza;1;1;0;0;0;0;1
30/11/2021;19:03:07;294;Sem vítima;564,979;BR-163/MS;Decrescente;Colisão frontal;1;0;0;0;0;0;1
01/12/2021;15:04:16;198;Com vítima;256,661;BR-163/MS;Crescente;Colisão traseira;1;1;1;0;0;0;1
02/12/2021;04:25:38;22;Com vítima;128,518;BR-163/MS;Decrescente;Colisão traseira;1;2;3;0;1;0;2
02/12/2021;05:09:36;26;Sem vítima;3,379;BR-163/MS;Decrescente;Colisão frontal;1;1;0;0;0;0;1
02/12/2021;10:16:52;131;Sem vítima;381,800;BR-163/MS;Crescente;Tombamento;1;1;0;0;0;0;1
02/12/2021;12:15:47;155;Com vítima;302,600;BR-163/MS;Crescente;Tombamento;1;0;1;0;0;0;1
02/12/2021;17:14:13;222;Sem vítima;184,640;BR-163/MS;Decrescente;Colisão traseira;1;1;0;0;0;0;1
03/12/2021;03:17:02;13;Sem vítima;506,912;BR-163/MS;Decrescente;Colisão traseira;2;2;0;0;0;0;1
04/12/2021;04:52:23;25;Sem vítima;640,635;BR-163/MS;Crescente;Choque;1;1;0;0;0;0;1
04/12/2021;17:40:18;264;Com vítima;820,210;BR-163/MS;Crescente;Capotamento;1;1;1;0;0;0;1
07/12/2021;08:27:00;78;Sem vítima;660,512;BR-163/MS;Crescente;Colisão traseira;2;2;0;0;0;0;1
07/12/2021;16:21:27;201;Sem vítima;28,500;BR-163/MS;Crescente;Colisão lateral no mesmo sentido;1;3;0;0;0;0;1
08/12/2021;15:05:58;202;Sem vítima;6,139;BR-163/MS;Crescente;Engavetamento;2;3;0;0;0;0;1
09/12/2021;15:16:04;221;Sem vítima;127,984;BR-163/MS;Crescente;Colisão frontal;1;3;0;0;0;0;1
10/12/2021;14:50:18;177;Sem vítima;432,484;BR-163/MS;Decrescente;Colisão traseira;2;2;0;0;0;0;1
11/12/2021;21:32:02;217;Sem vítima;676,722;BR-163/MS;Crescente;Tombamento;1;1;0;0;0;0;1
11/12/2021;22:46:47;226;Sem vítima;144,927;BR-163/MS;Crescente;Colisão transversal;1;2;0;0;0;0;1
12/12/2021;11:36:44;95;Com vítima;454,650;BR-163/MS;Crescente;Choque;1;0;1;0;0;0;1
13/12/2021;13:37:31;168;Sem vítima;470,300;BR-163/MS;Crescente;Colisão traseira;1;2;0;0;0;0;1
14/12/2021;02:41:53;8;Com vítima;372,231;BR-163/MS;Crescente;Tombamento;1;2;4;0;1;0;2
14/12/2021;14:59:00;162;Com vítima;676,275;BR-163/MS;Decrescente;Colisão traseira;1;0;26;0;0;0;1
16/12/2021;16:57:23;197;Sem vítima;458,500;BR-163/MS;Decrescente;Acidentes de outra natureza;1;0;0;0;0;0;1
17/12/2021;08:08:04;93;Sem vítima;485,214;BR-163/MS;Crescente;Colisão traseira;1;5;0;0;0;0;1
17/12/2021;19:48:42;271;Com vítima;36,607;BR-163/MS;Decrescente;Colisão traseira;1;0;1;0;0;0;1
18/12/2021;11:45:36;159;Com vítima;372,000;BR-163/MS;Crescente;Capotamento;1;0;1;0;0;0;1
20/12/2021;15:46:29;205;Sem vítima;486,425;BR-163/MS;Crescente;Queda de moto;1;2;0;0;0;0;1
21/12/2021;08:52:38;93;Com vítima;690,574;BR-163/MS;Decrescente;Colisão frontal;1;3;1;0;0;3;3
22/12/2021;20:19:55;302;Sem vítima;410,691;BR-163/MS;Decrescente;Colisão transversal;1;3;0;0;0;0;1
27/12/2021;04:36:49;16;Com vítima;306,620;BR-163/MS;Decrescente;Acidentes de outra natureza;1;0;2;0;0;0;1
27/12/2021;14:18:42;212;Sem vítima;387,584;BR-163/MS;Crescente;Colisão lateral no mesmo sentido;1;3;0;0;0;0;1
15/01/2022;02:36:51;10;Sem vítima;485,280;BR-163/MS;Decrescente;Colisão transversal;1;9;0;0;0;0;1
27/02/2022;06:17:43;31;Com vítima;485,210;BR-163/MS;Crescente;Colisão traseira;2;2;1;0;0;0;1
27/02/2022;18:55:06;186;Sem vítima;470,620;BR-163/MS;Crescente;Colisão traseira;1;1;0;0;0;0;1
02/03/2022;02:03:24;7;Sem vítima;41,967;BR-163/MS;Crescente;Atropelamento de animal;1;1;0;0;0;0;1
10/03/2022;18:22:56;221;Sem vítima;258,359;BR-163/MS;Decrescente;Tombamento;1;1;0;0;0;0;1
11/03/2022;03:40:44;12;Com vítima;735,729;BR-163/MS;Decrescente;Tombamento;1;0;1;0;0;0;1
11/03/2022;17:49:24;223;Sem vítima;475,239;BR-163/MS;Decrescente;Engavetamento;1;7;0;0;0;0;1
14/03/2022;19:49:16;249;Sem vítima;500,235;BR-163/MS;Decrescente;Colisão traseira;1;2;0;0;0;0;1
21/03/2022;08:56:30;80;Com vítima;104,675;BR-163/MS;Crescente;Acidentes de outra natureza;1;1;0;1;0;0;2
24/03/2022;10:38:15;139;Com vítima;574,732;BR-163/MS;Crescente;Colisão lateral no mesmo sentido;1;1;0;1;0;0;2
25/03/2022;04:58:02;17;Sem vítima;69,873;BR-163/MS;Crescente;Tombamento;1;1;0;0;0;0;1
25/03/2022;08:15:38;51;Com vítima;477,285;BR-163/MS;Crescente;Engavetamento;2;3;1;0;0;0;1
29/03/2022;14:02:22;172;Com vítima;250,769;BR-163/MS;Crescente;Engavetamento;1;1;3;0;0;0;1
29/03/2022;15:18:47;188;Sem vítima;250,236;BR-163/MS;Decrescente;Acidentes de outra natureza;1;1;0;0;0;0;1
09/04/2022;12:13:58;142;Sem vítima;148,210;BR-163/MS;Decrescente;Colisão traseira;2;2;0;0;0;0;1
12/04/2022;19:29:00;232;Com vítima;117,742;BR-163/MS;Decrescente;Colisão transversal;1;3;1;0;0;0;1
13/04/2022;17:52:55;231;Sem vítima;478,687;BR-163/MS;Crescente;Colisão transversal;1;1;0;0;0;0;1
15/04/2022;18:06:52;245;Com vítima;669,197;BR-163/MS;Crescente;Colisão traseira;1;3;2;0;0;1;3
18/04/2022;19:04:16;258;Sem vítima;806,850;BR-163/MS;Crescente;Colisão traseira;1;2;0;0;0;0;1
19/04/2022;18:23:32;238;Sem vítima;477,676;BR-163/MS;Decrescente;Colisão transversal;1;1;0;0;0;0;1
22/04/2022;05:43:21;26;Sem vítima;397,000;BR-163/MS;Decrescente;Atropelamento de animal;1;5;0;0;0;0;1
22/04/2022;08:33:54;87;Sem vítima;574,811;BR-163/MS;Crescente;Engavetamento;2;3;0;0;0;0;1
25/04/2022;04:57:45;15;Com vítima;735,752;BR-163/MS;Decrescente;Tombamento;1;0;1;0;0;0;1
25/04/2022;10:10:03;100;Sem vítima;617,536;BR-163/MS;Crescente;Colisão frontal;1;2;0;0;0;0;1
26/04/2022;11:52:30;158;Com vítima;486,483;BR-163/MS;Decrescente;Colisão lateral no mesmo sentido;1;1;1;0;0;0;1
26/04/2022;22:18:20;281;Sem vítima;485,630;BR-163/MS;Crescente;Colisão traseira;2;2;0;0;0;0;1
28/04/2022;15:40:55;248;Sem vítima;492,286;BR-163/MS;Crescente;Colisão traseira;1;1;0;0;0;0;1
29/04/2022;17:52:21;222;Com vítima;437,454;BR-163/MS;Decrescente;Tombamento;1;0;2;0;0;0;1
30/04/2022;09:29:55;84;Sem vítima;482,936;BR-163/MS;Decrescente;Tombamento;1;0;0;0;0;0;1
02/05/2022;06:51:39;43;Com vítima;40,377;BR-163/MS;Crescente;Tombamento;1;0;1;0;0;0;1
06/05/2022;09:55:45;101;Sem vítima;502,700;BR-163/MS;Crescente;Acidentes de outra natureza;1;0;0;0;0;0;1
06/05/2022;12:47:23;151;Com vítima;203,822;BR-163/MS;Crescente;Engavetamento;2;1;0;0;1;0;2
07/05/2022;18:03:17;218;Com vítima;76,963;BR-163/MS;Decrescente;Colisão lateral no mesmo sentido;1;2;2;0;0;0;1
13/05/2022;09:55:14;99;Sem vítima;533,850;BR-163/MS;Crescente;Colisão traseira;1;4;0;0;0;0;1
16/05/2022;12:57:09;189;Com vítima;492,339;BR-163/MS;Crescente;Colisão transversal;1;1;0;0;1;0;2
16/05/2022;17:25:52;275;Com vítima;766,822;BR-163/MS;Decrescente;Tombamento;1;0;1;0;0;0;1
16/05/2022;17:34:54;277;Sem vítima;476,647;BR-163/MS;Crescente;Colisão lateral no mesmo sentido;1;1;0;0;0;0;1
18/05/2022;03:17:11;12;Com vítima;256,595;BR-163/MS;Decrescente;Tombamento;1;1;1;0;0;0;1
19/05/2022;12:40:50;127;Com vítima;175,608;BR-163/MS;Crescente;Colisão frontal;1;0;0;0;2;0;2
21/05/2022;10:33:09;95;Com vítima;324,500;BR-163/MS;Crescente;Colisão transversal;1;1;1;0;0;0;1
23/05/2022;11:14:44;149;Com vítima;427,837;BR-163/MS;Decrescente;Colisão traseira;1;1;1;0;0;0;1
24/05/2022;14:05:14;175;Com vítima;552,450;BR-163/MS;Decrescente;Atropelamento de animal;1;2;1;0;0;0;1
25/05/2022;22:52:27;328;Sem vítima;680,181;BR-163/MS;Decrescente;Colisão traseira;3;2;0;0;0;0;1
27/05/2022;11:33:50;138;Sem vítima;42,218;BR-163/MS;Crescente;Engavetamento;1;2;0;0;0;0;1
29/05/2022;14:30:20;128;Sem vítima;691,300;BR-163/MS;Crescente;Engavetamento;1;1;0;0;0;0;1
12/06/2022;11:58:09;102;Sem vítima;655,320;BR-163/MS;Decrescente;Tombamento;1;1;0;0;0;0;1
13/06/2022;21:22:27;289;Sem vítima;777,926;BR-163/MS;Decrescente;Atropelamento de animal;1;1;0;0;0;0;1
15/06/2022;14:48:33;240;Sem vítima;603,400;BR-163/MS;Crescente;Colisão traseira;1;2;0;0;0;0;1
19/06/2022;21:11:46;267;Com vítima;683,740;BR-163/MS;Decrescente;Tombamento;1;0;0;1;0;0;2
20/06/2022;05:44:56;27;Sem vítima;780,990;BR-163/MS;Crescente;Atropelamento de animal;1;0;0;0;0;0;1
20/06/2022;18:03:05;242;Com vítima;330,991;BR-163/MS;Crescente;Colisão traseira;2;2;0;0;1;0;2
21/06/2022;11:01:48;134;Sem vítima;485,120;BR-163/MS;Crescente;Colisão traseira;1;4;0;0;0;0;1
21/06/2022;13:58:46;175;Sem vítima;603,410;BR-163/MS;Crescente;Colisão lateral no mesmo sentido;1;2;0;0;0;0;1
21/06/2022;14:09:27;179;Com vítima;251,360;BR-163/MS;Crescente;Colisão traseira;1;1;1;0;0;0;1
23/06/2022;20:06:20;385;Sem vítima;415,791;BR-163/MS;Decrescente;Colisão traseira;2;2;0;0;0;0;1
24/06/2022;16:12:59;239;Com vítima;526,140;BR-163/MS;Decrescente;Engavetamento;1;1;1;0;0;0;1
26/06/2022;08:56:08;72;Sem vítima;549,350;BR-163/MS;Crescente;Colisão lateral no mesmo sentido;2;3;0;0;0;0;1
26/06/2022;19:27:06;199;Sem vítima;225,113;BR-163/MS;Decrescente;Choque;1;1;0;0;0;0;1
27/06/2022;06:38:57;33;Sem vítima;264,959;BR-163/MS;Decrescente;Colisão lateral no mesmo sentido;1;3;0;0;0;0;1
29/06/2022;11:40:56;154;Com vítima;477,725;BR-163/MS;Decrescente;Colisão transversal;1;1;0;1;0;0;2
29/06/2022;12:19:14;164;Sem vítima;407,100;BR-163/MS;Crescente;Tombamento;1;1;0;0;0;0;1
01/07/2022;06:10:51;33;Sem vítima;741,000;BR-163/MS;Decrescente;Colisão traseira;1;2;0;0;0;0;1
03/07/2022;09:25:24;91;Sem vítima;743,301;BR-163/MS;Crescente;Tombamento;1;1;0;0;0;0;1
04/07/2022;05:31:41;21;Com vítima;480,689;BR-163/MS;Crescente;Atropelamento de animal;1;2;1;0;0;0;1
05/07/2022;06:45:37;41;Sem vítima;788,200;BR-163/MS;Crescente;Choque;1;2;0;0;0;0;1
05/07/2022;16:44:23;228;Sem vítima;227,250;BR-163/MS;Decrescente;Colisão traseira;1;3;0;0;0;0;1
05/07/2022;18:06:02;242;Sem vítima;258,890;BR-163/MS;Crescente;Engavetamento;2;3;0;0;0;0;1
06/07/2022;12:14:31;148;Sem vítima;485,630;BR-163/MS;Decrescente;Engavetamento;1;2;0;0;0;0;1
12/07/2022;15:29:02;262;Com vítima;479,964;BR-163/MS;Decrescente;Colisão traseira;1;1;1;0;0;0;1
12/07/2022;18:00:57;294;Sem vítima;464,837;BR-163/MS;Decrescente;Tombamento;1;1;0;0;0;0;1
14/07/2022;11:53:55;141;Sem vítima;125,100;BR-163/MS;Decrescente;Choque;1;2;0;0;0;0;1
15/07/2022;04:09:12;14;Com vítima;611,287;BR-163/MS;Crescente;Colisão traseira;1;2;3;0;0;0;1
18/07/2022;11:04:54;176;Sem vítima;663,363;BR-163/MS;Decrescente;Tombamento;1;1;0;0;0;0;1
18/07/2022;19:48:15;339;Sem vítima;134,500;BR-163/MS;Crescente;Choque;1;1;0;0;0;0;1
19/07/2022;08:32:15;107;Sem vítima;279,279;BR-163/MS;Crescente;Colisão lateral no mesmo sentido;2;7;0;0;0;0;1
20/07/2022;22:30:03;361;Sem vítima;666,620;BR-163/MS;Crescente;Colisão traseira;2;2;0;0;0;0;1
21/07/2022;21:45:46;336;Sem vítima;336,200;BR-163/MS;Decrescente;Colisão traseira;1;1;0;0;0;0;1
22/07/2022;06:16:50;29;Sem vítima;212,150;BR-163/MS;Decrescente;Colisão lateral no mesmo sentido;1;3;0;0;0;0;1
25/07/2022;15:18:13;222;Sem vítima;105,542;BR-163/MS;Decrescente;Tombamento;1;1;0;0;0;0;1
26/07/2022;13:54:12;186;Com vítima;658,211;BR-163/MS;Decrescente;Colisão transversal;1;1;0;0;0;1;3
27/07/2022;05:40:23;29;Sem vítima;329,422;BR-163/MS;Crescente;Choque;1;2;0;0;0;0;1
27/07/2022;08:10:24;77;Sem vítima;475,475;BR-163/MS;Decrescente;Colisão traseira;1;0;0;0;0;0;1
27/07/2022;16:34:08;216;Com vítima;658,211;BR-163/MS;Decrescente;Tombamento;1;0;1;0;0;0;1
28/07/2022;06:24:30;47;Sem vítima;776,692;BR-163/MS;Decrescente;Tombamento;1;1;0;0;0;0;1
30/07/2022;00:14:02;2;Sem vítima;131,165;BR-163/MS;Decrescente;Tombamento;1;1;0;0;0;0;1
02/08/2022;16:52:38;242;Com vítima;87,736;BR-163/MS;Decrescente;Choque;1;0;0;0;0;1;3
03/08/2022;14:09:48;206;Sem vítima;225,598;BR-163/MS;Crescente;Colisão lateral no mesmo sentido;1;2;0;0;0;0;1
03/08/2022;19:04:49;294;Com vítima;724,693;BR-163/MS;Crescente;Colisão frontal;1;2;2;0;0;0;1
04/08/2022;13:58:18;220;Com vítima;128,339;BR-163/MS;Decrescente;Colisão frontal;1;0;2;0;0;0;1
04/08/2022;14:12:30;224;Com vítima;515,400;BR-163/MS;Crescente;Colisão traseira;1;1;1;3;0;0;2
06/08/2022;17:17:37;279;Sem vítima;156,200;BR-163/MS;Decrescente;Engavetamento;1;1;0;0;0;0;1
06/08/2022;21:49:35;377;Sem vítima;769,737;BR-163/MS;Decrescente;Atropelamento de animal;1;1;0;0;0;0;1
08/08/2022;10:20:06;181;Sem vítima;343,800;BR-163/MS;Decrescente;Colisão lateral no mesmo sentido;1;2;0;0;0;0;1
09/08/2022;18:50:29;271;Sem vítima;735,732;BR-163/MS;Decrescente;Acidentes de outra natureza;1;1;0;0;0;0;1
11/08/2022;02:48:57;15;Sem vítima;360,500;BR-163/MS;Decrescente;Atropelamento de animal;1;1;0;0;0;0;1
11/08/2022;09:49:43;166;Sem vítima;551,720;BR-163/MS;Decrescente;Tombamento;1;1;0;0;0;0;1
12/08/2022;16:42:34;393;Com vítima;206,700;BR-163/MS;Crescente;Tombamento;1;0;1;0;0;0;1
17/08/2022;12:29:44;201;Com vítima;562,882;BR-163/MS;Decrescente;Colisão traseira;2;0;0;0;1;0;2
17/08/2022;13:09:43;213;Sem vítima;61,000;BR-163/MS;Crescente;Acidentes de outra natureza;1;2;0;0;0;0;1
18/08/2022;03:32:46;16;Com vítima;654,558;BR-163/MS;Decrescente;Choque;1;0;0;1;0;0;2
19/08/2022;07:03:58;69;Sem vítima;257,350;BR-163/MS;Crescente;Colisão transversal;1;2;0;0;0;0;1
19/08/2022;12:29:07;224;Sem vítima;212,400;BR-163/MS;Crescente;Acidentes de outra natureza;1;1;0;0;0;0;1
21/08/2022;10:57:39;167;Sem vítima;783,476;BR-163/MS;Crescente;Atropelamento de animal;1;1;0;0;0;0;1
22/08/2022;15:34:51;236;Sem vítima;540,602;BR-163/MS;Crescente;Engavetamento;1;1;0;0;0;0;1
24/08/2022;08:02:03;101;Com vítima;479,964;BR-163/MS;Crescente;Colisão lateral no mesmo sentido;1;1;0;0;0;0;1
25/08/2022;05:18:35;73;Sem vítima;775,498;BR-163/MS;Decrescente;Colisão traseira;1;1;0;0;0;0;1
25/08/2022;11:50:47;212;Com vítima;475,786;BR-163/MS;Decrescente;Colisão transversal;1;1;1;0;0;0;1
25/08/2022;17:36:24;312;Com vítima;87,145;BR-163/MS;Crescente;Colisão lateral no mesmo sentido;1;0;0;0;0;1;3
26/08/2022;14:09:20;240;Sem vítima;662,525;BR-163/MS;Crescente;Tombamento;1;1;0;0;0;0;1
27/08/2022;10:49:40;169;Sem vítima;188,300;BR-163/MS;Crescente;Tombamento;1;1;0;0;0;0;1
29/08/2022;09:46:33;147;Com vítima;682,350;BR-163/MS;Crescente;Engavetamento;1;1;1;0;0;0;1
30/08/2022;17:41:36;287;Com vítima;475,320;BR-163/MS;Crescente;Colisão transversal;2;2;1;0;0;0;1
31/08/2022;22:12:12;414;Sem vítima;742,538;BR-163/MS;Crescente;Atropelamento de animal;1;1;0;0;0;0;1
01/09/2022;15:58:59;242;Sem vítima;164,620;BR-163/MS;Decrescente;Colisão traseira;1;5;0;0;0;0;1
06/09/2022;09:53:44;189;Sem vítima;71,833;BR-163/MS;Crescente;Acidentes de outra natureza;1;1;0;0;0;0;1
06/09/2022;13:32:02;284;Sem vítima;185,578;BR-163/MS;Decrescente;Tombamento;1;1;0;0;0;0;1
09/09/2022;05:56:09;56;Sem vítima;755,751;BR-163/MS;Decrescente;Acidentes de outra natureza;1;1;0;0;0;0;1
10/09/2022;14:44:37;247;Com vítima;596,455;BR-163/MS;Decrescente;Colisão traseira;1;1;1;0;0;0;1
10/09/2022;18:54:21;328;Com vítima;484,392;BR-163/MS;Crescente;Colisão transversal;1;1;2;1;0;0;2
10/09/2022;22:33:33;366;Sem vítima;430,174;BR-163/MS;Crescente;Atropelamento de animal;1;1;0;0;0;0;1
12/09/2022;18:27:46;251;Sem vítima;499,000;BR-163/MS;Decrescente;Colisão traseira;1;3;0;0;0;0;1
14/09/2022;07:18:01;95;Com vítima;185,394;BR-163/MS;Crescente;Tombamento;1;0;1;0;0;0;1
14/09/2022;09:30:25;161;Com vítima;373,322;BR-163/MS;Decrescente;Capotamento;1;0;1;0;0;0;1
14/09/2022;23:59:58;368;Sem vítima;117,598;BR-163/MS;Crescente;Colisão lateral no mesmo sentido;1;2;0;0;0;0;1
21/09/2022;14:33:10;231;Sem vítima;263,138;BR-163/MS;Crescente;Acidentes de outra natureza;1;1;0;0;0;0;1
21/09/2022;18:08:02;295;Com vítima;475,113;BR-163/MS;Crescente;Colisão lateral no mesmo sentido;1;1;1;0;0;0;1
23/09/2022;18:54:51;388;Com vítima;458,815;BR-163/MS;Crescente;Colisão transversal;2;3;0;0;1;0;2
24/09/2022;19:06:43;362;Com vítima;47,632;BR-163/MS;Decrescente;Colisão traseira;1;1;1;0;1;0;2
25/09/2022;15:46:35;273;Com vítima;705,940;BR-163/MS;Crescente;Colisão transversal;1;1;2;1;1;0;2
28/09/2022;19:58:13;378;Com vítima;76,283;BR-163/MS;Decrescente;Colisão lateral no mesmo sentido;1;1;3;0;0;0;1
30/09/2022;14:16:01;274;Com vítima;380,126;BR-163/MS;Decrescente;Colisão frontal;1;0;4;0;1;0;2
01/10/2022;13:45:36;227;Sem vítima;464,800;BR-163/MS;Decrescente;Choque;1;1;0;0;0;0;1
03/10/2022;14:04:14;254;Sem vítima;484,950;BR-163/MS;Crescente;Colisão traseira;2;3;0;0;0;0;1
04/10/2022;06:42:19;37;Sem vítima;209,820;BR-163/MS;Crescente;Colisão traseira;2;2;0;0;0;0;1
04/10/2022;09:52:24;145;Sem vítima;714,887;BR-163/MS;Decrescente;Colisão lateral no mesmo sentido;1;5;0;0;0;0;1
04/10/2022;14:48:57;231;Sem vítima;613,541;BR-163/MS;Crescente;Colisão traseira;1;1;0;0;0;0;1
05/10/2022;10:55:45;192;Sem vítima;475,000;BR-163/MS;Decrescente;Colisão traseira;1;2;0;0;0;0;1
06/10/2022;15:06:13;213;Sem vítima;136,414;BR-163/MS;Crescente;Acidentes de outra natureza;1;1;0;0;0;0;1
06/10/2022;18:54:17;309;Com vítima;714,300;BR-163/MS;Crescente;Tombamento;1;0;1;0;0;0;1
07/10/2022;07:40:21;76;Com vítima;475,400;BR-163/MS;Decrescente;Colisão lateral no mesmo sentido;1;2;0;1;0;0;2
07/10/2022;12:44:22;189;Sem vítima;648,450;BR-163/MS;Crescente;Colisão transversal;1;4;0;0;0;0;1
08/10/2022;22:03:02;371;Com vítima;550,422;BR-163/MS;Decrescente;Tombamento;1;0;1;0;0;0;1
09/10/2022;19:47:37;293;Sem vítima;344,799;BR-163/MS;Decrescente;Atropelamento de animal;1;1;0;0;0;0;1
13/10/2022;18:18:55;352;Com vítima;377,717;BR-163/MS;Crescente;Capotamento;1;2;1;0;0;0;1
14/10/2022;08:19:27;80;Com vítima;688,646;BR-163/MS;Decrescente;Atropelamento de pedestre;1;1;1;0;0;0;1
17/10/2022;16:03:58;319;Sem vítima;485,630;BR-163/MS;Crescente;Colisão traseira;1;6;0;0;0;0;1
18/10/2022;02:13:00;7;Sem vítima;316,520;BR-163/MS;Crescente;Choque;1;1;0;0;0;0;1
18/10/2022;15:46:00;272;Sem vítima;657,655;BR-163/MS;Crescente;Colisão traseira;1;1;0;0;0;0;1
20/10/2022;09:30:44;135;Com vítima;37,500;BR-163/MS;Decrescente;Colisão traseira;1;1;0;1;0;0;2
20/10/2022;18:01:39;365;Sem vítima;485,654;BR-163/MS;Decrescente;Colisão traseira;1;2;0;0;0;0;1
23/10/2022;15:55:33;225;Sem vítima;793,657;BR-163/MS;Crescente;Atropelamento de animal;1;2;0;0;0;0;1
24/10/2022;07:06:29;48;Sem vítima;513,254;BR-163/MS;Crescente;Acidentes de outra natureza;1;3;0;0;0;0;1
26/10/2022;06:16:28;59;Com vítima;487,400;BR-163/MS;Decrescente;Tombamento;1;0;1;0;0;0;1
27/10/2022;22:24:45;328;Sem vítima;792,758;BR-163/MS;Decrescente;Colisão traseira;1;1;0;0;0;0;1
29/10/2022;18:55:22;375;Sem vítima;537,897;BR-163/MS;Crescente;Atropelamento de animal;1;1;0;0;0;0;1
30/10/2022;14:47:06;184;Sem vítima;836,550;BR-163/MS;Crescente;Choque;1;1;0;0;0;0;1
31/10/2022;05:10:39;20;Com vítima;273,500;BR-163/MS;Crescente;Tombamento;1;0;0;1;0;0;2
31/10/2022;19:01:18;200;Com vítima;488,625;BR-163/MS;Crescente;Colisão traseira;1;1;0;0;0;1;3
02/11/2022;08:19:29;64;Com vítima;550,510;BR-163/MS;Decrescente;Tombamento;1;0;1;0;0;0;1
03/11/2022;18:26:42;258;Com vítima;463,924;BR-163/MS;Crescente;Colisão frontal;1;2;0;1;0;0;2