data;horario;n_da_ocorrencia;tipo_de_ocorrencia;km;trecho;sentido;tipo_de_acidente;caminhao;ilesos;levemente_feridos;moderadamente_feridos;gravemente_feridos;mortos;3
04/11/2022;08:39:17;121;Com vítima;485,730;BR-163/MS;Decrescente;Colisão transversal;2;6;1;0;0;0;1
05/11/2022;20:19:48;303;Sem vítima;544,806;BR-163/MS;Decrescente;Colisão traseira;2;2;0;0;0;0;1
08/11/2022;08:58:44;124;Com vítima;487,530;BR-163/MS;Crescente;Colisão lateral no mesmo sentido;1;2;1;0;0;0;1
09/11/2022;06:56:09;90;Sem vítima;485,630;BR-163/MS;Decrescente;Colisão traseira;2;2;0;0;0;0;1
09/11/2022;08:06:06;115;Com vítima;658,150;BR-163/MS;Crescente;Colisão traseira;3;3;1;0;0;0;1
09/11/2022;18:03:14;303;Com vítima;481,980;BR-163/MS;Decrescente;Atropelamento de pedestre;1;0;0;0;0;0;1
09/11/2022;18:27:01;308;Sem vítima;799,199;BR-163/MS;Decrescente;Colisão traseira;1;1;0;0;0;0;1
09/11/2022;21:42:36;402;Sem vítima;809,000;BR-163/MS;Decrescente;Atropelamento de animal;1;1;0;0;0;0;1
11/11/2022;03:24:16;9;Sem vítima;660,577;BR-163/MS;Decrescente;Atropelamento de animal;1;2;0;0;0;0;1
13/11/2022;07:32:55;93;Com vítima;473,703;BR-163/MS;Crescente;Engavetamento;1;2;1;0;0;0;1
17/11/2022;15:38:39;261;Com vítima;392,493;BR-163/MS;Decrescente;Colisão traseira;1;0;15;0;0;0;1
18/11/2022;09:38:16;169;Com vítima;548,365;BR-163/MS;Crescente;Colisão transversal;1;1;1;0;0;0;1
18/11/2022;16:06:22;287;Com vítima;393,500;BR-163/MS;Crescente;Tombamento;1;0;1;0;0;0;1
23/11/2022;09:30:50;131;Sem vítima;42,545;BR-163/MS;Crescente;Colisão lateral no mesmo sentido;1;3;0;0;0;0;1
25/11/2022;11:39:56;188;Com vítima;644,430;BR-163/MS;Decrescente;Tombamento;1;0;1;0;0;0;1
27/11/2022;07:52:29;91;Com vítima;639,870;BR-163/MS;Crescente;Colisão frontal;1;0;0;1;0;0;2
28/11/2022;12:05:41;204;Com vítima;530,990;BR-163/MS;Crescente;Colisão traseira;1;2;0;0;2;0;2
29/11/2022;13:43:36;231;Com vítima;481,731;BR-163/MS;Crescente;Colisão frontal;1;1;1;1;0;0;2
30/11/2022;05:53:37;20;Sem vítima;297,130;BR-163/MS;Crescente;Acidentes de outra natureza;1;1;0;0;0;0;1
01/12/2022;22:57:50;292;Sem vítima;53,800;BR-163/MS;Crescente;Atropelamento de animal;1;3;0;0;0;0;1
03/12/2022;09:17:27;141;Com vítima;478,357;BR-163/MS;Decrescente;Tombamento;1;0;1;0;0;0;1
03/12/2022;13:51:53;209;Sem vítima;740,462;BR-163/MS;Decrescente;Colisão traseira;1;1;0;0;0;0;1
03/12/2022;14:02:21;212;Sem vítima;13,906;BR-163/MS;Decrescente;Acidentes de outra natureza;1;6;0;0;0;0;1
03/12/2022;16:42:41;247;Com vítima;8,310;BR-163/MS;Crescente;Colisão frontal;1;3;1;1;0;1;3
04/12/2022;11:49:51;147;Com vítima;677,230;BR-163/MS;Decrescente;Tombamento;1;0;1;0;0;0;1
04/12/2022;12:43:12;153;Sem vítima;487,545;BR-163/MS;Decrescente;Colisão transversal;1;3;0;0;0;0;1
04/12/2022;13:03:29;157;Com vítima;808,520;BR-163/MS;Crescente;Choque;1;0;0;1;0;0;2
05/12/2022;03:33:58;24;Com vítima;662,299;BR-163/MS;Crescente;Tombamento;1;0;1;0;0;0;1
05/12/2022;06:06:46;34;Com vítima;182,241;BR-163/MS;Crescente;Colisão frontal;2;1;0;0;1;0;2
05/12/2022;12:02:53;178;Sem vítima;5,942;BR-163/MS;Crescente;Colisão traseira;2;2;0;0;0;0;1
10/12/2022;17:22:55;288;Sem vítima;88,842;BR-163/MS;Crescente;Choque;1;1;0;0;0;0;1
11/12/2022;07:59:36;109;Sem vítima;26,900;BR-163/MS;Crescente;Choque;1;1;0;0;0;0;1
13/12/2022;11:30:27;176;Com vítima;726,468;BR-163/MS;Crescente;Colisão lateral no mesmo sentido;1;1;2;0;0;0;1
14/12/2022;10:10:54;163;Com vítima;485,455;BR-163/MS;Crescente;Colisão traseira;1;0;0;1;0;0;2
16/12/2022;07:47:22;85;Sem vítima;751,507;BR-163/MS;Decrescente;Colisão lateral no mesmo sentido;1;4;0;0;0;0;1
21/12/2022;07:06:10;72;Com vítima;504,900;BR-163/MS;Decrescente;Colisão frontal;1;1;0;0;0;1;3
22/12/2022;07:09:03;54;Sem vítima;481,872;BR-163/MS;Crescente;Colisão lateral no mesmo sentido;1;6;0;0;0;0;1
24/12/2022;13:00:04;242;Sem vítima;793,547;BR-163/MS;Crescente;Colisão lateral no mesmo sentido;2;5;0;0;0;0;1
03/01/2023;07:19:24;91;Sem vítima;600,567;BR-163/MS;Crescente;Acidentes de outra natureza;1;3;0;0;0;0;1
04/01/2023;11:11:20;157;Sem vítima;485,120;BR-163/MS;Crescente;Engavetamento;2;3;0;0;0;0;1
04/01/2023;14:42:23;207;Com vítima;432,111;BR-163/MS;Crescente;Colisão traseira;1;1;3;0;0;0;1
09/01/2023;06:40:37;37;Com vítima;265,752;BR-163/MS;Decrescente;Colisão traseira;1;0;1;0;0;0;1
09/01/2023;07:44:00;98;Sem vítima;158,456;BR-163/MS;Crescente;Colisão lateral no mesmo sentido;1;1;0;0;0;0;1
09/01/2023;18:46:32;339;Sem vítima;256,650;BR-163/MS;Crescente;Colisão lateral no mesmo sentido;1;2;0;0;0;0;1
12/01/2023;17:08:49;321;Sem vítima;222,000;BR-163/MS;Decrescente;Engavetamento;1;7;0;0;0;0;1
13/01/2023;07:25:50;77;Com vítima;493,150;BR-163/MS;Crescente;Colisão lateral no mesmo sentido;1;2;1;0;0;0;1
14/01/2023;15:44:03;233;Com vítima;264,890;BR-163/MS;Decrescente;Tombamento;1;0;0;0;1;0;2
14/01/2023;17:43:19;265;Com vítima;495,247;BR-163/MS;Decrescente;Colisão lateral no mesmo sentido;1;4;1;0;0;0;1
15/01/2023;12:44:37;178;Sem vítima;477,822;BR-163/MS;Crescente;Colisão transversal;1;1;0;0;0;0;1
17/01/2023;07:48:38;134;Sem vítima;2,621;BR-163/MS;Decrescente;Acidentes de outra natureza;1;0;0;0;0;0;1
17/01/2023;07:54:21;136;Sem vítima;2,621;BR-163/MS;Decrescente;Acidentes de outra natureza;1;0;0;0;0;0;1
17/01/2023;08:30:41;151;Sem vítima;2,321;BR-163/MS;Decrescente;Acidentes de outra natureza;1;0;0;0;0;0;1
17/01/2023;10:26:57;206;Sem vítima;2,951;BR-163/MS;Crescente;Acidentes de outra natureza;1;0;0;0;0;0;1
17/01/2023;11:01:19;221;Sem vítima;2,218;BR-163/MS;Decrescente;Acidentes de outra natureza;1;0;0;0;0;0;1
17/01/2023;11:07:13;223;Sem vítima;487,321;BR-163/MS;Decrescente;Capotamento;1;1;0;0;0;0;1
17/01/2023;14:18:47;255;Sem vítima;2,621;BR-163/MS;Decrescente;Acidentes de outra natureza;1;0;0;0;0;0;1
17/01/2023;15:32:16;272;Sem vítima;2,500;BR-163/MS;Decrescente;Acidentes de outra natureza;1;0;0;0;0;0;1
28/01/2023;02:00:47;12;Com vítima;2,000;BR-163/MS;Crescente;Atropelamento de animal;1;0;0;0;0;0;1
28/01/2023;12:21:19;181;Com vítima;2,128;BR-163/MS;Decrescente;Colisão frontal;1;0;0;0;0;0;1
29/01/2023;23:48:27;320;Sem vítima;2,980;BR-163/MS;Decrescente;Acidentes de outra natureza;1;0;0;0;0;0;1
30/01/2023;03:43:30;16;Sem vítima;2,980;BR-163/MS;Decrescente;Acidentes de outra natureza;1;0;0;0;0;0;1
30/01/2023;18:25:24;299;Sem vítima;2,352;BR-163/MS;Crescente;Acidentes de outra natureza;1;0;0;0;0;0;1
30/01/2023;19:57:05;339;Sem vítima;2,000;BR-163/MS;Decrescente;Acidentes de outra natureza;1;0;0;0;0;0;1
30/01/2023;20:12:38;343;Sem vítima;2,392;BR-163/MS;Crescente;Acidentes de outra natureza;1;0;0;0;0;0;1
30/01/2023;20:30:36;347;Sem vítima;2,816;BR-163/MS;Decrescente;Acidentes de outra natureza;1;0;0;0;0;0;1
30/01/2023;20:39:28;348;Sem vítima;2,926;BR-163/MS;Crescente;Acidentes de outra natureza;1;0;0;0;0;0;1
30/01/2023;22:40:14;362;Sem vítima;2,484;BR-163/MS;Decrescente;Acidentes de outra natureza;1;0;0;0;0;0;1
02/02/2023;07:57:42;73;Com vítima;2,598;BR-163/MS;Crescente;Tombamento;1;0;1;0;0;0;1
07/02/2023;10:27:15;150;Sem vítima;2,980;BR-163/MS;Crescente;Tombamento;1;0;0;0;0;0;1
08/02/2023;00:01:45;1;Sem vítima;2,208;BR-163/MS;Crescente;Tombamento;1;0;0;0;0;0;1
14/02/2023;06:11:34;25;Sem vítima;2,610;BR-163/MS;Crescente;Tombamento;1;0;0;0;0;0;1
26/02/2023;19:48:17;307;Sem vítima;2,959;BR-163/MS;Decrescente;Acidentes de outra natureza;1;0;0;0;0;0;1
27/02/2023;00:16:20;4;Sem vítima;2,376;BR-163/MS;Crescente;Acidentes de outra natureza;1;0;0;0;0;0;1
27/02/2023;03:27:59;32;Sem vítima;2,986;BR-163/MS;Decrescente;Acidentes de outra natureza;1;0;0;0;0;0;1
27/02/2023;06:04:39;60;Sem vítima;2,000;BR-163/MS;Crescente;Acidentes de outra natureza;1;0;0;0;0;0;1
16/03/2023;17:42:50;351;Sem vítima;2,997;BR-163/MS;Crescente;Acidentes de outra natureza;1;0;0;0;0;0;1
16/03/2023;18:16:06;360;Sem vítima;2,167;BR-163/MS;Decrescente;Acidentes de outra natureza;1;0;0;0;0;0;1
16/03/2023;18:29:55;363;Sem vítima;2,833;BR-163/MS;Decrescente;Acidentes de outra natureza;1;0;0;0;0;0;1
16/03/2023;18:44:55;366;Sem vítima;2,561;BR-163/MS;Crescente;Acidentes de outra natureza;1;0;0;0;0;0;1
16/03/2023;19:58:52;375;Sem vítima;2,987;BR-163/MS;Crescente;Acidentes de outra natureza;1;0;0;0;0;0;1
17/03/2023;22:17:31;429;Sem vítima;2,472;BR-163/MS;Crescente;Colisão transversal;1;0;0;0;0;0;1
18/03/2023;07:01:06;47;Sem vítima;2,621;BR-163/MS;Decrescente;Acidentes de outra natureza;1;0;0;0;0;0;1
18/03/2023;13:51:04;277;Sem vítima;2,100;BR-163/MS;Decrescente;Acidentes de outra natureza;1;0;0;0;0;0;1
18/03/2023;16:56:59;349;Sem vítima;2,163;BR-163/MS;Decrescente;Acidentes de outra natureza;1;0;0;0;0;0;1
18/03/2023;17:27:31;359;Sem vítima;2,621;BR-163/MS;Decrescente;Acidentes de outra natureza;1;0;0;0;0;0;1
20/03/2023;15:49:54;306;Sem vítima;2,000;BR-163/MS;Crescente;Acidentes de outra natureza;1;0;0;0;0;0;1
20/03/2023;16:04:24;311;Sem vítima;2,800;BR-163/MS;Decrescente;Acidentes de outra natureza;1;0;0;0;0;0;1
20/03/2023;16:26:28;315;Sem vítima;2,569;BR-163/MS;Decrescente;Acidentes de outra natureza;1;0;0;0;0;0;1
20/03/2023;16:28:24;316;Sem vítima;2,700;BR-163/MS;Decrescente;Acidentes de outra natureza;1;0;0;0;0;0;1
20/03/2023;17:30:44;330;Sem vítima;2,000;BR-163/MS;Crescente;Acidentes de outra natureza;1;0;0;0;0;0;1
24/03/2023;08:58:31;124;Sem vítima;2,563;BR-163/MS;Crescente;Colisão traseira;1;0;0;0;0;0;1
29/03/2023;09:32:19;143;Sem vítima;2,000;BR-163/MS;Crescente;Acidentes de outra natureza;1;0;0;0;0;0;1
29/03/2023;17:42:27;288;Sem vítima;2,799;BR-163/MS;Decrescente;Acidentes de outra natureza;1;0;0;0;0;0;1
29/03/2023;17:48:54;290;Sem vítima;2,000;BR-163/MS;Crescente;Acidentes de outra natureza;1;0;0;0;0;0;1
29/03/2023;17:51:05;291;Sem vítima;2,000;BR-163/MS;Decrescente;Acidentes de outra natureza;1;0;0;0;0;0;1
29/03/2023;18:51:00;298;Sem vítima;2,000;BR-163/MS;Crescente;Acidentes de outra natureza;1;0;0;0;0;0;1
29/03/2023;19:37:34;320;Sem vítima;2,000;BR-163/MS;Decrescente;Acidentes de outra natureza;1;0;0;0;0;0;1
29/03/2023;20:07:23;342;Sem vítima;2,000;BR-163/MS;Crescente;Acidentes de outra natureza;1;0;0;0;0;0;1
06/04/2023;10:14:38;136;Sem vítima;2,792;BR-163/MS;Crescente;Acidentes de outra natureza;1;0;0;0;0;0;1
06/04/2023;16:20:19;276;Sem vítima;2,632;BR-163/MS;Decrescente;Acidentes de outra natureza;1;0;0;0;0;0;1
06/04/2023;17:31:23;301;Sem vítima;2,621;BR-163/MS;Decrescente;Acidentes de outra natureza;1;0;0;0;0;0;1
06/04/2023;17:44:04;302;Sem vítima;2,000;BR-163/MS;Decrescente;Acidentes de outra natureza;1;0;0;0;0;0;1
06/04/2023;17:53:38;305;Sem vítima;2,000;BR-163/MS;Crescente;Acidentes de outra natureza;1;0;0;0;0;0;1
06/04/2023;18:27:49;314;Sem vítima;2,241;BR-163/MS;Decrescente;Acidentes de outra natureza;1;0;0;0;0;0;1
06/04/2023;18:57:46;320;Sem vítima;2,000;BR-163/MS;Crescente;Acidentes de outra natureza;1;0;0;0;0;0;1
06/04/2023;19:56:57;349;Sem vítima;2,000;BR-163/MS;Decrescente;Acidentes de outra natureza;1;0;0;0;0;0;1
06/04/2023;20:23:51;354;Sem vítima;2,000;BR-163/MS;Crescente;Acidentes de outra natureza;1;0;0;0;0;0;1
06/04/2023;22:18:10;389;Sem vítima;2,000;BR-163/MS;Decrescente;Acidentes de outra natureza;1;0;0;0;0;0;1
07/04/2023;00:58:04;3;Sem vítima;2,297;BR-163/MS;Crescente;Acidentes de outra natureza;1;0;0;0;0;0;1
07/04/2023;02:33:51;4;Sem vítima;2,000;BR-163/MS;Decrescente;Acidentes de outra natureza;1;0;0;0;0;0;1
07/04/2023;05:47:14;15;Sem vítima;2,000;BR-163/MS;Crescente;Acidentes de outra natureza;1;0;0;0;0;0;1
07/04/2023;05:47:25;16;Sem vítima;2,000;BR-163/MS;Decrescente;Acidentes de outra natureza;1;0;0;0;0;0;1
07/04/2023;09:08:49;131;Sem vítima;2,000;BR-163/MS;Decrescente;Acidentes de outra natureza;1;0;0;0;0;0;1
07/04/2023;10:31:38;160;Sem vítima;2,470;BR-163/MS;Crescente;Acidentes de outra natureza;1;0;0;0;0;0;1
07/04/2023;16:40:46;255;Sem vítima;2,757;BR-163/MS;Decrescente;Acidentes de outra natureza;1;0;0;0;0;0;1
07/04/2023;17:26:56;261;Sem vítima;2,757;BR-163/MS;Crescente;Acidentes de outra natureza;1;0;0;0;0;0;1
08/04/2023;12:26:00;168;Sem vítima;2,275;BR-163/MS;Crescente;Acidentes de outra natureza;1;0;0;0;0;0;1
08/04/2023;13:46:04;189;Sem vítima;2,500;BR-163/MS;Decrescente;Acidentes de outra natureza;1;0;0;0;0;0;1
11/04/2023;06:54:37;35;Sem vítima;2,111;BR-163/MS;Crescente;Acidentes de outra natureza;1;0;0;0;0;0;1
11/04/2023;08:55:35;105;Sem vítima;2,600;BR-163/MS;Crescente;Acidentes de outra natureza;1;0;0;0;0;0;1
11/04/2023;09:53:56;126;Sem vítima;2,400;BR-163/MS;Decrescente;Acidentes de outra natureza;1;0;0;0;0;0;1
11/04/2023;10:45:25;155;Sem vítima;2,339;BR-163/MS;Crescente;Acidentes de outra natureza;1;0;0;0;0;0;1
11/04/2023;11:27:00;170;Sem vítima;2,785;BR-163/MS;Crescente;Acidentes de outra natureza;1;0;0;0;0;0;1
11/04/2023;11:30:17;171;Sem vítima;2,250;BR-163/MS;Decrescente;Acidentes de outra natureza;1;0;0;0;0;0;1
11/04/2023;12:04:30;183;Sem vítima;2,406;BR-163/MS;Crescente;Acidentes de outra natureza;1;0;0;0;0;0;1
11/04/2023;12:57:17;198;Sem vítima;2,500;BR-163/MS;Decrescente;Acidentes de outra natureza;1;0;0;0;0;0;1
11/04/2023;13:17:55;202;Sem vítima;2,272;BR-163/MS;Decrescente;Acidentes de outra natureza;1;0;0;0;0;0;1
11/04/2023;13:35:43;210;Sem vítima;2,934;BR-163/MS;Decrescente;Acidentes de outra natureza;1;0;0;0;0;0;1
11/04/2023;13:42:41;214;Sem vítima;2,200;BR-163/MS;Crescente;Acidentes de outra natureza;1;0;0;0;0;0;1
11/04/2023;13:43:58;215;Sem vítima;2,194;BR-163/MS;Decrescente;Acidentes de outra natureza;1;0;0;0;0;0;1
11/04/2023;13:54:59;220;Sem vítima;2,800;BR-163/MS;Crescente;Acidentes de outra natureza;1;0;0;0;0;0;1
11/04/2023;13:59:05;221;Sem vítima;2,100;BR-163/MS;Crescente;Acidentes de outra natureza;1;0;0;0;0;0;1
11/04/2023;14:10:13;227;Sem vítima;2,856;BR-163/MS;Crescente;Acidentes de outra natureza;1;0;0;0;0;0;1
11/04/2023;14:35:59;235;Sem vítima;2,999;BR-163/MS;Crescente;Acidentes de outra natureza;1;0;0;0;0;0;1
11/04/2023;14:54:33;241;Sem vítima;2,898;BR-163/MS;Decrescente;Acidentes de outra natureza;1;0;0;0;0;0;1
11/04/2023;15:00:38;246;Sem vítima;2,519;BR-163/MS;Crescente;Acidentes de outra natureza;1;0;0;0;0;0;1
11/04/2023;17:00:22;270;Sem vítima;2,200;BR-163/MS;Decrescente;Acidentes de outra natureza;1;0;0;0;0;0;1
11/04/2023;20:31:06;323;Sem vítima;2,303;BR-163/MS;Decrescente;Acidentes de outra natureza;1;0;0;0;0;0;1
11/04/2023;20:42:08;325;Com vítima;2,909;BR-163/MS;Crescente;Colisão traseira;1;0;0;1;0;0;2
14/04/2023;05:44:53;20;Sem vítima;2,500;BR-163/MS;Decrescente;Acidentes de outra natureza;1;0;0;0;0;0;1
14/04/2023;06:46:54;28;Sem vítima;2,241;BR-163/MS;Crescente;Acidentes de outra natureza;1;0;0;0;0;0;1
14/04/2023;07:44:06;59;Sem vítima;2,955;BR-163/MS;Crescente;Acidentes de outra natureza;1;0;0;0;0;0;1
14/04/2023;08:04:43;72;Sem vítima;2,400;BR-163/MS;Crescente;Acidentes de outra natureza;1;0;0;0;0;0;1
14/04/2023;08:10:06;75;Sem vítima;2,471;BR-163/MS;Crescente;Acidentes de outra natureza;1;0;0;0;0;0;1
14/04/2023;08:11:26;76;Sem vítima;2,000;BR-163/MS;Crescente;Acidentes de outra natureza;1;0;0;0;0;0;1
14/04/2023;08:20:28;86;Sem vítima;2,470;BR-163/MS;Crescente;Acidentes de outra natureza;1;0;0;0;0;0;1
14/04/2023;09:10:04;113;Sem vítima;2,500;BR-163/MS;Crescente;Acidentes de outra natureza;1;0;0;0;0;0;1
14/04/2023;09:19:54;115;Sem vítima;2,437;BR-163/MS;Crescente;Acidentes de outra natureza;1;0;0;0;0;0;1
14/04/2023;09:28:30;122;Sem vítima;2,755;BR-163/MS;Crescente;Acidentes de outra natureza;1;0;0;0;0;0;1
14/04/2023;13:56:13;201;Sem vítima;2,214;BR-163/MS;Decrescente;Acidentes de outra natureza;1;0;0;0;0;0;1
14/04/2023;15:20:45;225;Sem vítima;2,892;BR-163/MS;Crescente;Acidentes de outra natureza;1;0;0;0;0;0;1
14/04/2023;15:57:10;249;Sem vítima;2,941;BR-163/MS;Crescente;Acidentes de outra natureza;1;0;0;0;0;0;1
14/04/2023;16:02:53;252;Sem vítima;2,000;BR-163/MS;Crescente;Acidentes de outra natureza;1;0;0;0;0;0;1
14/04/2023;16:05:34;254;Sem vítima;2,200;BR-163/MS;Decrescente;Acidentes de outra natureza;1;0;0;0;0;0;1
14/04/2023;16:55:06;266;Sem vítima;2,471;BR-163/MS;Crescente;Acidentes de outra natureza;1;0;0;0;0;0;1
14/04/2023;17:39:26;278;Sem vítima;2,264;BR-163/MS;Crescente;Acidentes de outra natureza;1;0;0;0;0;0;1
14/04/2023;17:44:03;279;Sem vítima;2,649;BR-163/MS;Crescente;Acidentes de outra natureza;1;0;0;0;0;0;1
14/04/2023;17:47:00;280;Sem vítima;2,790;BR-163/MS;Crescente;Acidentes de outra natureza;1;0;0;0;0;0;1
14/04/2023;18:53:54;303;Sem vítima;2,501;BR-163/MS;Decrescente;Acidentes de outra natureza;1;0;0;0;0;0;1
15/04/2023;04:06:40;18;Sem vítima;2,295;BR-163/MS;Crescente;Acidentes de outra natureza;1;0;0;0;0;0;1
15/04/2023;07:17:11;56;Sem vítima;2,320;BR-163/MS;Crescente;Acidentes de outra natureza;1;0;0;0;0;0;1
15/04/2023;07:36:20;70;Sem vítima;2,200;BR-163/MS;Crescente;Acidentes de outra natureza;1;0;0;0;0;0;1
15/04/2023;08:41:48;98;Sem vítima;2,167;BR-163/MS;Decrescente;Acidentes de outra natureza;1;0;0;0;0;0;1
15/04/2023;09:37:35;114;Sem vítima;2,250;BR-163/MS;Decrescente;Acidentes de outra natureza;1;0;0;0;0;0;1
15/04/2023;11:14:02;140;Sem vítima;2,700;BR-163/MS;Crescente;Acidentes de outra natureza;1;0;0;0;0;0;1
15/04/2023;13:39:26;223;Sem vítima;2,530;BR-163/MS;Crescente;Acidentes de outra natureza;1;0;0;0;0;0;1
15/04/2023;13:42:53;224;Sem vítima;2,683;BR-163/MS;Decrescente;Acidentes de outra natureza;1;0;0;0;0;0;1
15/04/2023;13:44:20;226;Sem vítima;2,736;BR-163/MS;Decrescente;Acidentes de outra natureza;1;0;0;0;0;0;1
15/04/2023;14:47:59;235;Sem vítima;2,332;BR-163/MS;Decrescente;Acidentes de outra natureza;1;0;0;0;0;0;1
15/04/2023;15:04:06;239;Sem vítima;2,663;BR-163/MS;Decrescente;Acidentes de outra natureza;1;0;0;0;0;0;1
15/04/2023;15:09:24;240;Sem vítima;2,799;BR-163/MS;Crescente;Acidentes de outra natureza;1;0;0;0;0;0;1
15/04/2023;15:18:50;243;Sem vítima;2,297;BR-163/MS;Crescente;Acidentes de outra natureza;1;0;0;0;0;0;1
15/04/2023;15:25:10;246;Sem vítima;2,740;BR-163/MS;Crescente;Acidentes de outra natureza;1;0;0;0;0;0;1
15/04/2023;15:27:12;247;Sem vítima;2,332;BR-163/MS;Decrescente;Acidentes de outra natureza;1;0;0;0;0;0;1
16/04/2023;12:17:40;130;Sem vítima;2,633;BR-163/MS;Crescente;Acidentes de outra natureza;1;0;0;0;0;0;1
16/04/2023;12:24:24;136;Sem vítima;2,621;BR-163/MS;Decrescente;Acidentes de outra natureza;1;0;0;0;0;0;1
16/04/2023;13:13:39;173;Sem vítima;2,679;BR-163/MS;Crescente;Acidentes de outra natureza;1;0;0;0;0;0;1
16/04/2023;13:20:22;174;Sem vítima;2,500;BR-163/MS;Crescente;Acidentes de outra natureza;1;0;0;0;0;0;1
25/04/2023;15:30:20;227;Sem vítima;471,640;BR-163/MS;Decrescente;Acidentes de outra natureza;1;0;0;0;0;0;1
25/04/2023;15:32:25;228;Sem vítima;487,800;BR-163/MS;Crescente;Acidentes de outra natureza;1;0;0;0;0;0;1
25/04/2023;15:41:27;232;Sem vítima;480,189;BR-163/MS;Decrescente;Acidentes de outra natureza;1;0;0;0;0;0;1
25/04/2023;15:53:04;238;Sem vítima;474,500;BR-163/MS;Decrescente;Acidentes de outra natureza;1;0;0;0;0;0;1
20/05/2023;18:36:32;235;Sem vítima;506,598;BR-163/MS;Crescente;Acidentes de outra natureza;1;0;0;0;0;0;1
24/05/2023;18:29:26;220;Sem vítima;308,000;BR-163/MS;Crescente;Acidentes de outra natureza;1;0;0;0;0;0;1
24/05/2023;22:26:03;269;Sem vítima;806,000;BR-163/MS;Crescente;Acidentes de outra natureza;1;0;0;0;0;0;1
26/05/2023;16:34:15;234;Sem vítima;4,800;BR-163/MS;Decrescente;Acidentes de outra natureza;1;0;0;0;0;0;1
30/05/2023;20:23:30;276;Sem vítima;577,946;BR-163/MS;Decrescente;Acidentes de outra natureza;1;0;0;0;0;0;1
31/05/2023;06:22:18;14;Sem vítima;674,750;BR-163/MS;Decrescente;Acidentes de outra natureza;1;0;0;0;0;0;1
31/05/2023;15:45:38;207;Sem vítima;430,112;BR-163/MS;Decrescente;Acidentes de outra natureza;1;0;0;0;0;0;1
02/06/2023;00:39:16;3;Sem vítima;198,400;BR-163/MS;Decrescente;Acidentes de outra natureza;1;0;0;0;0;0;1
02/06/2023;14:47:40;175;Sem vítima;191,920;BR-163/MS;Crescente;Acidentes de outra natureza;1;0;0;0;0;0;1
02/06/2023;14:54:09;180;Sem vítima;174,324;BR-163/MS;Decrescente;Acidentes de outra natureza;1;0;0;0;0;0;1
02/06/2023;17:10:32;205;Sem vítima;499,598;BR-163/MS;Decrescente;Acidentes de outra natureza;1;0;0;0;0;0;1
02/06/2023;18:32:40;219;Sem vítima;711,800;BR-163/MS;Crescente;Acidentes de outra natureza;1;0;0;0;0;0;1
03/06/2023;05:44:14;15;Sem vítima;13,455;BR-163/MS;Decrescente;Acidentes de outra natureza;1;0;0;0;0;0;1
03/06/2023;14:10:08;144;Sem vítima;417,361;BR-163/MS;Crescente;Acidentes de outra natureza;1;0;0;0;0;0;1
05/06/2023;08:36:36;92;Sem vítima;96,903;BR-163/MS;Crescente;Acidentes de outra natureza;1;0;0;0;0;0;1
05/06/2023;09:09:23;103;Sem vítima;124,500;BR-163/MS;Crescente;Acidentes de outra natureza;1;0;0;0;0;0;1
05/06/2023;10:02:38;137;Sem vítima;61,400;BR-163/MS;Decrescente;Acidentes de outra natureza;1;0;0;0;0;0;1
05/06/2023;10:23:57;147;Sem vítima;172,000;BR-163/MS;Crescente;Acidentes de outra natureza;1;0;0;0;0;0;1
05/06/2023;16:34:51;245;Sem vítima;141,236;BR-163/MS;Decrescente;Acidentes de outra natureza;1;0;0;0;0;0;1
05/06/2023;17:56:00;259;Sem vítima;31,000;BR-163/MS;Decrescente;Acidentes de outra natureza;1;0;0;0;0;0;1
05/06/2023;18:41:47;265;Sem vítima;822,248;BR-163/MS;Decrescente;Acidentes de outra natureza;1;0;0;0;0;0;1
05/06/2023;19:02:02;272;Sem vítima;473,451;BR-163/MS;Decrescente;Acidentes de outra natureza;1;0;0;0;0;0;1
05/06/2023;19:07:02;274;Sem vítima;666,100;BR-163/MS;Decrescente;Acidentes de outra natureza;1;0;0;0;0;0;1
05/06/2023;19:36:49;288;Sem vítima;306,501;BR-163/MS;Decrescente;Acidentes de outra natureza;1;0;0;0;0;0;1