data;horario;n_da_ocorrencia;tipo_de_ocorrencia;km;trecho;sentido;tipo_de_acidente;caminhao;ilesos;levemente_feridos;moderadamente_feridos;gravemente_feridos;mortos;3
06/06/2023;12:08:09;162;Sem vítima;506,600;BR-163/MS;Crescente;Acidentes de outra natureza;1;0;0;0;0;0;1
06/06/2023;12:21:31;165;Sem vítima;247,000;BR-163/MS;Crescente;Acidentes de outra natureza;1;0;0;0;0;0;1
07/06/2023;01:08:30;7;Sem vítima;270,680;BR-163/MS;Decrescente;Acidentes de outra natureza;1;0;0;0;0;0;1
07/06/2023;02:16:56;15;Com vítima;49,801;BR-163/MS;Decrescente;Tombamento;1;0;1;0;0;0;1
08/06/2023;12:15:36;201;Sem vítima;533,000;BR-163/MS;Decrescente;Acidentes de outra natureza;1;0;0;0;0;0;1
08/06/2023;12:41:22;205;Sem vítima;475,000;BR-163/MS;Crescente;Acidentes de outra natureza;1;0;0;0;0;0;1
08/06/2023;12:44:30;206;Sem vítima;582,980;BR-163/MS;Decrescente;Acidentes de outra natureza;1;0;0;0;0;0;1
08/06/2023;17:34:23;306;Sem vítima;236,544;BR-163/MS;Crescente;Acidentes de outra natureza;1;0;0;0;0;0;1
09/06/2023;04:31:47;17;Sem vítima;342,650;BR-163/MS;Decrescente;Acidentes de outra natureza;1;0;0;0;0;0;1
09/06/2023;07:38:00;56;Sem vítima;575,247;BR-163/MS;Crescente;Acidentes de outra natureza;1;0;0;0;0;0;1
09/06/2023;17:48:42;240;Sem vítima;234,000;BR-163/MS;Decrescente;Acidentes de outra natureza;1;0;0;0;0;0;1
09/06/2023;22:43:17;311;Sem vítima;18,385;BR-163/MS;Crescente;Acidentes de outra natureza;1;0;0;0;0;0;1
10/06/2023;09:19:12;100;Sem vítima;484,200;BR-163/MS;Crescente;Acidentes de outra natureza;1;0;0;0;0;0;1
10/06/2023;22:50:59;326;Sem vítima;625,000;BR-163/MS;Decrescente;Acidentes de outra natureza;1;0;0;0;0;0;1
12/06/2023;07:54:13;74;Sem vítima;232,680;BR-163/MS;Crescente;Acidentes de outra natureza;1;0;0;0;0;0;1
12/06/2023;09:28:37;102;Sem vítima;11,446;BR-163/MS;Crescente;Acidentes de outra natureza;1;0;0;0;0;0;1
12/06/2023;09:32:52;103;Sem vítima;288,700;BR-163/MS;Crescente;Acidentes de outra natureza;1;0;0;0;0;0;1
12/06/2023;10:26:11;117;Sem vítima;404,285;BR-163/MS;Decrescente;Acidentes de outra natureza;1;0;0;0;0;0;1
12/06/2023;10:34:36;119;Sem vítima;117,402;BR-163/MS;Crescente;Acidentes de outra natureza;1;0;0;0;0;0;1
12/06/2023;11:08:55;125;Sem vítima;270,780;BR-163/MS;Crescente;Acidentes de outra natureza;1;0;0;0;0;0;1
12/06/2023;11:16:27;127;Sem vítima;128,679;BR-163/MS;Crescente;Acidentes de outra natureza;1;0;0;0;0;0;1
12/06/2023;11:23:24;130;Sem vítima;607,621;BR-163/MS;Crescente;Acidentes de outra natureza;1;0;0;0;0;0;1
12/06/2023;13:17:15;148;Sem vítima;230,898;BR-163/MS;Crescente;Acidentes de outra natureza;1;0;0;0;0;0;1
12/06/2023;13:42:17;154;Sem vítima;485,812;BR-163/MS;Decrescente;Acidentes de outra natureza;1;0;0;0;0;0;1
12/06/2023;13:47:53;156;Sem vítima;708,400;BR-163/MS;Decrescente;Acidentes de outra natureza;1;0;0;0;0;0;1
12/06/2023;14:10:55;159;Sem vítima;692,251;BR-163/MS;Decrescente;Acidentes de outra natureza;1;0;0;0;0;0;1
12/06/2023;14:45:25;165;Sem vítima;267,240;BR-163/MS;Crescente;Acidentes de outra natureza;1;0;0;0;0;0;1
12/06/2023;15:07:56;173;Sem vítima;453,220;BR-163/MS;Decrescente;Acidentes de outra natureza;1;0;0;0;0;0;1
12/06/2023;15:37:09;175;Sem vítima;146,805;BR-163/MS;Crescente;Acidentes de outra natureza;1;0;0;0;0;0;1
12/06/2023;15:41:48;176;Sem vítima;581,100;BR-163/MS;Decrescente;Acidentes de outra natureza;1;0;0;0;0;0;1
12/06/2023;16:15:57;182;Sem vítima;640,944;BR-163/MS;Decrescente;Acidentes de outra natureza;1;0;0;0;0;0;1
12/06/2023;17:53:34;190;Sem vítima;472,000;BR-163/MS;Crescente;Acidentes de outra natureza;1;0;0;0;0;0;1
12/06/2023;18:15:10;195;Sem vítima;262,900;BR-163/MS;Crescente;Acidentes de outra natureza;1;0;0;0;0;0;1
12/06/2023;18:47:32;201;Sem vítima;296,734;BR-163/MS;Decrescente;Acidentes de outra natureza;1;0;0;0;0;0;1
12/06/2023;19:11:09;203;Sem vítima;128,000;BR-163/MS;Decrescente;Acidentes de outra natureza;1;0;0;0;0;0;1
12/06/2023;19:48:52;231;Sem vítima;734,488;BR-163/MS;Crescente;Acidentes de outra natureza;1;0;0;0;0;0;1
12/06/2023;19:59:32;232;Sem vítima;60,000;BR-163/MS;Decrescente;Acidentes de outra natureza;1;0;0;0;0;0;1
12/06/2023;20:45:15;238;Sem vítima;579,650;BR-163/MS;Decrescente;Acidentes de outra natureza;1;0;0;0;0;0;1
12/06/2023;21:15:26;240;Sem vítima;196,500;BR-163/MS;Decrescente;Acidentes de outra natureza;1;0;0;0;0;0;1
12/06/2023;21:43:17;241;Sem vítima;64,000;BR-163/MS;Decrescente;Acidentes de outra natureza;1;0;0;0;0;0;1
12/06/2023;21:47:22;242;Sem vítima;548,365;BR-163/MS;Decrescente;Acidentes de outra natureza;1;0;0;0;0;0;1
12/06/2023;23:00:42;246;Sem vítima;697,500;BR-163/MS;Crescente;Acidentes de outra natureza;1;0;0;0;0;0;1
12/06/2023;23:18:13;248;Sem vítima;490,635;BR-163/MS;Crescente;Acidentes de outra natureza;1;0;0;0;0;0;1
13/06/2023;04:35:48;13;Sem vítima;144,000;BR-163/MS;Decrescente;Acidentes de outra natureza;1;0;0;0;0;0;1
13/06/2023;05:42:10;18;Sem vítima;313,700;BR-163/MS;Decrescente;Acidentes de outra natureza;1;0;0;0;0;0;1
13/06/2023;06:28:45;23;Sem vítima;597,000;BR-163/MS;Decrescente;Acidentes de outra natureza;1;0;0;0;0;0;1
13/06/2023;06:29:02;24;Sem vítima;244,464;BR-163/MS;Decrescente;Acidentes de outra natureza;1;0;0;0;0;0;1
13/06/2023;06:44:53;27;Sem vítima;655,869;BR-163/MS;Decrescente;Acidentes de outra natureza;1;0;0;0;0;0;1
13/06/2023;06:49:41;28;Sem vítima;591,692;BR-163/MS;Crescente;Acidentes de outra natureza;1;0;0;0;0;0;1
13/06/2023;07:06:08;44;Sem vítima;562,723;BR-163/MS;Decrescente;Acidentes de outra natureza;1;0;0;0;0;0;1
13/06/2023;07:26:19;72;Sem vítima;426,443;BR-163/MS;Crescente;Acidentes de outra natureza;1;0;0;0;0;0;1
13/06/2023;07:37:10;75;Sem vítima;365,541;BR-163/MS;Crescente;Acidentes de outra natureza;1;0;0;0;0;0;1
13/06/2023;10:15:54;131;Sem vítima;403,221;BR-163/MS;Crescente;Acidentes de outra natureza;1;0;0;0;0;0;1
13/06/2023;11:51:03;156;Sem vítima;279,700;BR-163/MS;Decrescente;Acidentes de outra natureza;1;0;0;0;0;0;1
13/06/2023;11:51:44;157;Sem vítima;417,103;BR-163/MS;Decrescente;Acidentes de outra natureza;1;0;0;0;0;0;1
13/06/2023;12:47:34;169;Sem vítima;831,900;BR-163/MS;Decrescente;Acidentes de outra natureza;1;0;0;0;0;0;1
13/06/2023;12:51:39;172;Sem vítima;431,650;BR-163/MS;Decrescente;Acidentes de outra natureza;1;0;0;0;0;0;1
13/06/2023;13:34:52;182;Sem vítima;264,645;BR-163/MS;Decrescente;Acidentes de outra natureza;1;0;0;0;0;0;1
13/06/2023;13:45:59;183;Sem vítima;438,270;BR-163/MS;Decrescente;Acidentes de outra natureza;1;0;0;0;0;0;1
13/06/2023;13:58:37;185;Sem vítima;188,186;BR-163/MS;Crescente;Acidentes de outra natureza;1;0;0;0;0;0;1
13/06/2023;14:02:46;186;Sem vítima;438,344;BR-163/MS;Crescente;Acidentes de outra natureza;1;0;0;0;0;0;1
13/06/2023;14:12:54;190;Sem vítima;302,209;BR-163/MS;Decrescente;Acidentes de outra natureza;1;0;0;0;0;0;1
13/06/2023;15:23:30;205;Sem vítima;92,241;BR-163/MS;Decrescente;Acidentes de outra natureza;1;0;0;0;0;0;1
13/06/2023;16:38:16;214;Sem vítima;794,395;BR-163/MS;Decrescente;Acidentes de outra natureza;1;0;0;0;0;0;1
13/06/2023;16:56:29;217;Sem vítima;272,255;BR-163/MS;Crescente;Acidentes de outra natureza;1;0;0;0;0;0;1
13/06/2023;17:41:32;225;Sem vítima;342,727;BR-163/MS;Decrescente;Acidentes de outra natureza;1;0;0;0;0;0;1
13/06/2023;18:42:22;232;Sem vítima;534,824;BR-163/MS;Decrescente;Acidentes de outra natureza;1;0;0;0;0;0;1
13/06/2023;18:42:22;233;Sem vítima;444,755;BR-163/MS;Crescente;Acidentes de outra natureza;1;0;0;0;0;0;1
13/06/2023;19:16:26;238;Sem vítima;491,597;BR-163/MS;Decrescente;Acidentes de outra natureza;1;0;0;0;0;0;1
13/06/2023;19:55:53;244;Sem vítima;284,919;BR-163/MS;Crescente;Acidentes de outra natureza;1;0;0;0;0;0;1
14/06/2023;06:56:09;16;Sem vítima;54,700;BR-163/MS;Crescente;Acidentes de outra natureza;1;0;0;0;0;0;1
14/06/2023;06:58:32;17;Sem vítima;228,244;BR-163/MS;Crescente;Acidentes de outra natureza;1;0;0;0;0;0;1
14/06/2023;07:04:52;18;Sem vítima;41,576;BR-163/MS;Crescente;Acidentes de outra natureza;1;0;0;0;0;0;1
14/06/2023;07:11:36;37;Sem vítima;476,470;BR-163/MS;Decrescente;Acidentes de outra natureza;1;0;0;0;0;0;1
14/06/2023;07:19:58;40;Sem vítima;431,800;BR-163/MS;Decrescente;Acidentes de outra natureza;1;0;0;0;0;0;1
14/06/2023;07:21:53;42;Sem vítima;425,982;BR-163/MS;Crescente;Acidentes de outra natureza;1;0;0;0;0;0;1
14/06/2023;07:24:41;44;Sem vítima;423,879;BR-163/MS;Crescente;Acidentes de outra natureza;1;0;0;0;0;0;1
14/06/2023;07:30:53;47;Sem vítima;130,455;BR-163/MS;Decrescente;Acidentes de outra natureza;1;0;0;0;0;0;1
14/06/2023;08:14:30;76;Sem vítima;679,206;BR-163/MS;Crescente;Acidentes de outra natureza;1;0;0;0;0;0;1
14/06/2023;08:36:14;84;Sem vítima;465,780;BR-163/MS;Decrescente;Acidentes de outra natureza;1;0;0;0;0;0;1
14/06/2023;09:42:47;110;Sem vítima;135,580;BR-163/MS;Crescente;Acidentes de outra natureza;1;0;0;0;0;0;1
14/06/2023;10:18:33;122;Sem vítima;515,900;BR-163/MS;Decrescente;Acidentes de outra natureza;1;0;0;0;0;0;1
14/06/2023;10:23:31;124;Sem vítima;406,879;BR-163/MS;Crescente;Acidentes de outra natureza;1;0;0;0;0;0;1
14/06/2023;10:27:33;125;Sem vítima;678,000;BR-163/MS;Decrescente;Acidentes de outra natureza;1;0;0;0;0;0;1
14/06/2023;10:40:29;128;Sem vítima;477,725;BR-163/MS;Crescente;Acidentes de outra natureza;1;0;0;0;0;0;1
14/06/2023;10:49:50;131;Sem vítima;406,869;BR-163/MS;Decrescente;Acidentes de outra natureza;1;0;0;0;0;0;1
14/06/2023;10:52:09;132;Sem vítima;843,600;BR-163/MS;Decrescente;Acidentes de outra natureza;1;0;0;0;0;0;1
14/06/2023;10:58:05;134;Sem vítima;426,000;BR-163/MS;Crescente;Acidentes de outra natureza;1;0;0;0;0;0;1
14/06/2023;11:02:33;135;Sem vítima;533,824;BR-163/MS;Decrescente;Acidentes de outra natureza;1;0;0;0;0;0;1
14/06/2023;11:12:44;137;Sem vítima;284,945;BR-163/MS;Crescente;Acidentes de outra natureza;1;0;0;0;0;0;1
14/06/2023;11:32:15;139;Sem vítima;822,217;BR-163/MS;Crescente;Acidentes de outra natureza;1;0;0;0;0;0;1
14/06/2023;11:42:23;143;Sem vítima;843,740;BR-163/MS;Decrescente;Acidentes de outra natureza;1;0;0;0;0;0;1
14/06/2023;12:02:59;149;Sem vítima;438,000;BR-163/MS;Crescente;Acidentes de outra natureza;1;0;0;0;0;0;1
14/06/2023;12:12:21;151;Sem vítima;827,778;BR-163/MS;Decrescente;Acidentes de outra natureza;1;0;0;0;0;0;1
14/06/2023;13:23:13;157;Sem vítima;247,000;BR-163/MS;Crescente;Acidentes de outra natureza;1;0;0;0;0;0;1
14/06/2023;13:44:08;160;Sem vítima;445,500;BR-163/MS;Crescente;Acidentes de outra natureza;1;0;0;0;0;0;1
14/06/2023;13:44:25;161;Sem vítima;90,552;BR-163/MS;Decrescente;Acidentes de outra natureza;1;0;0;0;0;0;1
14/06/2023;13:57:43;164;Sem vítima;10,642;BR-163/MS;Crescente;Acidentes de outra natureza;1;0;0;0;0;0;1
14/06/2023;14:05:44;165;Sem vítima;714,000;BR-163/MS;Crescente;Acidentes de outra natureza;1;0;0;0;0;0;1
14/06/2023;14:09:31;166;Sem vítima;821,000;BR-163/MS;Crescente;Acidentes de outra natureza;1;0;0;0;0;0;1
14/06/2023;14:47:40;175;Sem vítima;255,870;BR-163/MS;Decrescente;Acidentes de outra natureza;1;0;0;0;0;0;1
14/06/2023;16:00:29;184;Sem vítima;368,191;BR-163/MS;Decrescente;Acidentes de outra natureza;1;0;0;0;0;0;1
14/06/2023;16:13:13;189;Sem vítima;487,445;BR-163/MS;Crescente;Acidentes de outra natureza;1;0;0;0;0;0;1
14/06/2023;16:24:43;191;Sem vítima;579,818;BR-163/MS;Decrescente;Acidentes de outra natureza;1;0;0;0;0;0;1
14/06/2023;16:25:20;193;Sem vítima;689,000;BR-163/MS;Crescente;Acidentes de outra natureza;1;0;0;0;0;0;1
14/06/2023;16:36:41;195;Sem vítima;567,831;BR-163/MS;Decrescente;Acidentes de outra natureza;1;0;0;0;0;0;1
14/06/2023;16:45:20;199;Sem vítima;76,000;BR-163/MS;Decrescente;Acidentes de outra natureza;1;0;0;0;0;0;1
14/06/2023;16:52:20;202;Sem vítima;595,000;BR-163/MS;Crescente;Acidentes de outra natureza;1;0;0;0;0;0;1
14/06/2023;18:25:13;214;Sem vítima;489,849;BR-163/MS;Decrescente;Acidentes de outra natureza;1;0;0;0;0;0;1
14/06/2023;20:36:21;256;Sem vítima;672,752;BR-163/MS;Crescente;Acidentes de outra natureza;1;0;0;0;0;0;1
14/06/2023;22:01:37;278;Sem vítima;590,884;BR-163/MS;Crescente;Acidentes de outra natureza;1;0;0;0;0;0;1
14/06/2023;23:15:16;282;Sem vítima;766,431;BR-163/MS;Crescente;Acidentes de outra natureza;1;0;0;0;0;0;1
15/06/2023;00:17:51;1;Sem vítima;725,292;BR-163/MS;Crescente;Acidentes de outra natureza;1;0;0;0;0;0;1
15/06/2023;06:21:14;9;Sem vítima;575,193;BR-163/MS;Crescente;Acidentes de outra natureza;1;0;0;0;0;0;1
15/06/2023;06:30:38;12;Sem vítima;839,000;BR-163/MS;Decrescente;Acidentes de outra natureza;1;0;0;0;0;0;1
15/06/2023;06:35:44;19;Sem vítima;475,808;BR-163/MS;Crescente;Acidentes de outra natureza;1;0;0;0;0;0;1
15/06/2023;06:38:29;24;Sem vítima;798,866;BR-163/MS;Decrescente;Acidentes de outra natureza;1;0;0;0;0;0;1
15/06/2023;07:02:34;48;Sem vítima;473,963;BR-163/MS;Crescente;Acidentes de outra natureza;1;0;0;0;0;0;1
15/06/2023;07:08:53;49;Sem vítima;789,860;BR-163/MS;Crescente;Acidentes de outra natureza;1;0;0;0;0;0;1
15/06/2023;08:20:09;78;Sem vítima;215,970;BR-163/MS;Crescente;Acidentes de outra natureza;1;0;0;0;0;0;1
15/06/2023;08:58:12;98;Sem vítima;728,170;BR-163/MS;Crescente;Acidentes de outra natureza;1;0;0;0;0;0;1
15/06/2023;09:27:26;111;Sem vítima;72,000;BR-163/MS;Crescente;Acidentes de outra natureza;1;0;0;0;0;0;1
15/06/2023;09:36:43;116;Sem vítima;113,146;BR-163/MS;Crescente;Acidentes de outra natureza;1;0;0;0;0;0;1
15/06/2023;09:40:07;118;Sem vítima;472,131;BR-163/MS;Decrescente;Acidentes de outra natureza;1;0;0;0;0;0;1
15/06/2023;10:08:03;133;Sem vítima;703,377;BR-163/MS;Crescente;Acidentes de outra natureza;1;0;0;0;0;0;1
15/06/2023;10:11:46;135;Sem vítima;331,550;BR-163/MS;Decrescente;Acidentes de outra natureza;1;0;0;0;0;0;1
15/06/2023;10:59:07;149;Sem vítima;403,177;BR-163/MS;Crescente;Acidentes de outra natureza;1;0;0;0;0;0;1
15/06/2023;11:10:18;154;Sem vítima;256,930;BR-163/MS;Crescente;Acidentes de outra natureza;1;0;0;0;0;0;1
15/06/2023;11:25:47;159;Sem vítima;474,574;BR-163/MS;Crescente;Acidentes de outra natureza;1;0;0;0;0;0;1
15/06/2023;13:05:53;180;Sem vítima;685,578;BR-163/MS;Decrescente;Acidentes de outra natureza;1;0;0;0;0;0;1
15/06/2023;13:21:06;183;Sem vítima;351,686;BR-163/MS;Crescente;Acidentes de outra natureza;1;0;0;0;0;0;1
15/06/2023;13:43:38;186;Sem vítima;693,408;BR-163/MS;Crescente;Acidentes de outra natureza;1;0;0;0;0;0;1
15/06/2023;13:47:05;187;Sem vítima;447,648;BR-163/MS;Crescente;Acidentes de outra natureza;1;0;0;0;0;0;1
15/06/2023;14:12:11;191;Sem vítima;699,967;BR-163/MS;Crescente;Acidentes de outra natureza;1;0;0;0;0;0;1
15/06/2023;14:36:37;198;Sem vítima;389,122;BR-163/MS;Crescente;Acidentes de outra natureza;1;0;0;0;0;0;1
15/06/2023;14:44:10;201;Sem vítima;414,898;BR-163/MS;Crescente;Acidentes de outra natureza;1;0;0;0;0;0;1
15/06/2023;14:46:45;202;Sem vítima;520,608;BR-163/MS;Crescente;Acidentes de outra natureza;1;0;0;0;0;0;1
15/06/2023;14:46:45;203;Sem vítima;403,177;BR-163/MS;Crescente;Acidentes de outra natureza;1;0;0;0;0;0;1
15/06/2023;15:07:22;208;Sem vítima;556,980;BR-163/MS;Crescente;Acidentes de outra natureza;1;0;0;0;0;0;1
15/06/2023;15:38:02;214;Sem vítima;151,621;BR-163/MS;Decrescente;Acidentes de outra natureza;1;0;0;0;0;0;1
15/06/2023;16:14:27;221;Sem vítima;409,914;BR-163/MS;Crescente;Acidentes de outra natureza;1;0;0;0;0;0;1
15/06/2023;16:29:05;224;Sem vítima;501,990;BR-163/MS;Crescente;Acidentes de outra natureza;1;0;0;0;0;0;1
15/06/2023;16:29:53;225;Sem vítima;704,870;BR-163/MS;Crescente;Acidentes de outra natureza;1;0;0;0;0;0;1
15/06/2023;16:43:49;228;Sem vítima;802,886;BR-163/MS;Crescente;Acidentes de outra natureza;1;0;0;0;0;0;1
15/06/2023;17:29:17;240;Sem vítima;158,000;BR-163/MS;Crescente;Acidentes de outra natureza;1;0;0;0;0;0;1
15/06/2023;17:59:30;247;Sem vítima;594,000;BR-163/MS;Crescente;Acidentes de outra natureza;1;0;0;0;0;0;1
15/06/2023;18:07:52;249;Sem vítima;574,446;BR-163/MS;Decrescente;Acidentes de outra natureza;1;0;0;0;0;0;1
15/06/2023;19:03:30;259;Sem vítima;588,000;BR-163/MS;Crescente;Acidentes de outra natureza;1;0;0;0;0;0;1
15/06/2023;19:27:05;265;Sem vítima;472,817;BR-163/MS;Decrescente;Acidentes de outra natureza;1;0;0;0;0;0;1
15/06/2023;19:28:00;266;Sem vítima;530,300;BR-163/MS;Crescente;Acidentes de outra natureza;1;0;0;0;0;0;1
15/06/2023;20:21:56;304;Sem vítima;564,791;BR-163/MS;Decrescente;Acidentes de outra natureza;1;0;0;0;0;0;1
15/06/2023;20:25:59;305;Sem vítima;368,685;BR-163/MS;Crescente;Acidentes de outra natureza;1;0;0;0;0;0;1
15/06/2023;20:57:53;306;Sem vítima;644,777;BR-163/MS;Decrescente;Acidentes de outra natureza;1;0;0;0;0;0;1
15/06/2023;21:01:10;308;Sem vítima;393,650;BR-163/MS;Decrescente;Acidentes de outra natureza;1;0;0;0;0;0;1
15/06/2023;21:43:39;312;Sem vítima;425,851;BR-163/MS;Crescente;Acidentes de outra natureza;1;0;0;0;0;0;1
15/06/2023;22:19:11;314;Sem vítima;136,000;BR-163/MS;Crescente;Acidentes de outra natureza;1;0;0;0;0;0;1
15/06/2023;22:22:33;315;Sem vítima;394,622;BR-163/MS;Decrescente;Acidentes de outra natureza;1;0;0;0;0;0;1
16/06/2023;00:07:59;1;Sem vítima;421,208;BR-163/MS;Crescente;Acidentes de outra natureza;1;0;0;0;0;0;1
16/06/2023;04:30:19;55;Sem vítima;512,673;BR-163/MS;Decrescente;Acidentes de outra natureza;1;0;0;0;0;0;1
16/06/2023;05:41:41;57;Sem vítima;775,000;BR-163/MS;Crescente;Acidentes de outra natureza;1;0;0;0;0;0;1
16/06/2023;05:53:36;59;Sem vítima;90,255;BR-163/MS;Crescente;Acidentes de outra natureza;1;0;0;0;0;0;1
16/06/2023;06:01:51;61;Sem vítima;778,448;BR-163/MS;Crescente;Acidentes de outra natureza;1;0;0;0;0;0;1
16/06/2023;06:39:05;65;Sem vítima;80,137;BR-163/MS;Crescente;Acidentes de outra natureza;1;0;0;0;0;0;1
16/06/2023;07:08:49;100;Sem vítima;439,947;BR-163/MS;Decrescente;Acidentes de outra natureza;1;0;0;0;0;0;1
16/06/2023;07:10:27;99;Sem vítima;256,300;BR-163/MS;Decrescente;Acidentes de outra natureza;1;0;0;0;0;0;1
16/06/2023;07:19:39;103;Sem vítima;628,203;BR-163/MS;Decrescente;Acidentes de outra natureza;1;0;0;0;0;0;1
16/06/2023;07:39:32;116;Sem vítima;315,492;BR-163/MS;Decrescente;Acidentes de outra natureza;1;0;0;0;0;0;1
16/06/2023;08:32:15;145;Sem vítima;309,255;BR-163/MS;Decrescente;Acidentes de outra natureza;1;0;0;0;0;0;1
16/06/2023;08:54:46;154;Sem vítima;189,314;BR-163/MS;Crescente;Acidentes de outra natureza;1;0;0;0;0;0;1
16/06/2023;09:36:30;164;Sem vítima;376,150;BR-163/MS;Crescente;Acidentes de outra natureza;1;0;0;0;0;0;1
16/06/2023;09:36:38;165;Sem vítima;445,000;BR-163/MS;Crescente;Acidentes de outra natureza;1;0;0;0;0;0;1
16/06/2023;09:58:07;177;Sem vítima;393,191;BR-163/MS;Crescente;Acidentes de outra natureza;1;0;0;0;0;0;1
16/06/2023;11:28:01;196;Sem vítima;262,956;BR-163/MS;Crescente;Acidentes de outra natureza;1;0;0;0;0;0;1
16/06/2023;11:31:51;198;Sem vítima;602,657;BR-163/MS;Crescente;Acidentes de outra natureza;1;0;0;0;0;0;1
16/06/2023;11:33:56;199;Sem vítima;566,722;BR-163/MS;Decrescente;Acidentes de outra natureza;1;0;0;0;0;0;1
16/06/2023;11:36:22;200;Sem vítima;804,680;BR-163/MS;Crescente;Acidentes de outra natureza;1;0;0;0;0;0;1
16/06/2023;11:49:07;207;Sem vítima;638,621;BR-163/MS;Decrescente;Acidentes de outra natureza;1;0;0;0;0;0;1
16/06/2023;12:09:03;213;Sem vítima;831,621;BR-163/MS;Decrescente;Acidentes de outra natureza;1;0;0;0;0;0;1
16/06/2023;12:10:22;214;Sem vítima;645,621;BR-163/MS;Decrescente;Acidentes de outra natureza;1;0;0;0;0;0;1
16/06/2023;12:21:03;216;Sem vítima;560,798;BR-163/MS;Crescente;Acidentes de outra natureza;1;0;0;0;0;0;1
16/06/2023;12:22:21;217;Sem vítima;727,237;BR-163/MS;Decrescente;Acidentes de outra natureza;1;0;0;0;0;0;1
16/06/2023;12:34:48;218;Sem vítima;456,000;BR-163/MS;Crescente;Acidentes de outra natureza;1;0;0;0;0;0;1
16/06/2023;13:11:01;226;Sem vítima;22,700;BR-163/MS;Crescente;Acidentes de outra natureza;1;0;0;0;0;0;1
16/06/2023;13:26:43;228;Sem vítima;821,000;BR-163/MS;Decrescente;Acidentes de outra natureza;1;0;0;0;0;0;1
16/06/2023;13:41:51;231;Sem vítima;578,173;BR-163/MS;Crescente;Acidentes de outra natureza;1;0;0;0;0;0;1
16/06/2023;13:48:31;233;Sem vítima;539,728;BR-163/MS;Crescente;Acidentes de outra natureza;1;0;0;0;0;0;1
16/06/2023;13:58:32;236;Sem vítima;603,166;BR-163/MS;Decrescente;Acidentes de outra natureza;1;0;0;0;0;0;1
16/06/2023;14:31:54;251;Sem vítima;736,308;BR-163/MS;Decrescente;Acidentes de outra natureza;1;0;0;0;0;0;1
16/06/2023;14:43:37;255;Sem vítima;836,439;BR-163/MS;Crescente;Acidentes de outra natureza;1;0;0;0;0;0;1
16/06/2023;16:35:13;275;Sem vítima;538,662;BR-163/MS;Decrescente;Acidentes de outra natureza;1;0;0;0;0;0;1
16/06/2023;17:10:30;283;Sem vítima;823,487;BR-163/MS;Crescente;Acidentes de outra natureza;1;0;0;0;0;0;1
16/06/2023;17:19:05;284;Sem vítima;490,635;BR-163/MS;Decrescente;Acidentes de outra natureza;1;0;0;0;0;0;1
16/06/2023;17:52:45;293;Sem vítima;290,000;BR-163/MS;Decrescente;Acidentes de outra natureza;1;0;0;0;0;0;1
16/06/2023;18:17:29;303;Sem vítima;811,650;BR-163/MS;Crescente;Acidentes de outra natureza;1;0;0;0;0;0;1
16/06/2023;18:22:26;305;Sem vítima;284,500;BR-163/MS;Decrescente;Acidentes de outra natureza;1;0;0;0;0;0;1
16/06/2023;18:28:23;306;Sem vítima;433,488;BR-163/MS;Crescente;Acidentes de outra natureza;1;0;0;0;0;0;1
16/06/2023;18:55:37;312;Sem vítima;699,781;BR-163/MS;Crescente;Acidentes de outra natureza;1;0;0;0;0;0;1
16/06/2023;19:20:14;345;Sem vítima;227,685;BR-163/MS;Crescente;Acidentes de outra natureza;1;0;0;0;0;0;1
16/06/2023;20:12:38;380;Sem vítima;433,850;BR-163/MS;Crescente;Acidentes de outra natureza;1;0;0;0;0;0;1