data;horario;n_da_ocorrencia;tipo_de_ocorrencia;km;trecho;sentido;tipo_de_acidente;caminhao;ilesos;levemente_feridos;moderadamente_feridos;gravemente_feridos;mortos;3
16/06/2023;21:12:10;394;Sem vítima;414,511;BR-163/MS;Crescente;Acidentes de outra natureza;1;0;0;0;0;0;1
16/06/2023;21:39:21;401;Sem vítima;663,669;BR-163/MS;Crescente;Acidentes de outra natureza;1;0;0;0;0;0;1
16/06/2023;22:18:13;419;Sem vítima;433,850;BR-163/MS;Crescente;Acidentes de outra natureza;1;0;0;0;0;0;1
17/06/2023;03:04:51;7;Sem vítima;432,111;BR-163/MS;Crescente;Acidentes de outra natureza;1;0;0;0;0;0;1
17/06/2023;05:09:34;13;Sem vítima;385,420;BR-163/MS;Decrescente;Acidentes de outra natureza;1;0;0;0;0;0;1
17/06/2023;06:33:29;19;Sem vítima;426,460;BR-163/MS;Crescente;Acidentes de outra natureza;1;0;0;0;0;0;1
17/06/2023;06:45:45;33;Sem vítima;671,200;BR-163/MS;Decrescente;Acidentes de outra natureza;1;0;0;0;0;0;1
17/06/2023;06:49:34;40;Sem vítima;609,938;BR-163/MS;Crescente;Acidentes de outra natureza;1;0;0;0;0;0;1
17/06/2023;07:01:36;53;Sem vítima;699,969;BR-163/MS;Crescente;Acidentes de outra natureza;1;0;0;0;0;0;1
17/06/2023;07:19:25;65;Sem vítima;524,849;BR-163/MS;Crescente;Acidentes de outra natureza;1;0;0;0;0;0;1
17/06/2023;07:27:01;69;Sem vítima;506,912;BR-163/MS;Crescente;Acidentes de outra natureza;1;0;0;0;0;0;1
17/06/2023;07:46:20;85;Sem vítima;246,498;BR-163/MS;Decrescente;Acidentes de outra natureza;1;0;0;0;0;0;1
17/06/2023;07:54:02;88;Sem vítima;465,330;BR-163/MS;Crescente;Acidentes de outra natureza;1;0;0;0;0;0;1
17/06/2023;08:01:53;97;Sem vítima;414,898;BR-163/MS;Crescente;Acidentes de outra natureza;1;0;0;0;0;0;1
17/06/2023;08:06:36;102;Sem vítima;752,713;BR-163/MS;Crescente;Acidentes de outra natureza;1;0;0;0;0;0;1
17/06/2023;08:12:29;109;Sem vítima;421,932;BR-163/MS;Crescente;Acidentes de outra natureza;1;0;0;0;0;0;1
17/06/2023;08:36:32;119;Sem vítima;177,594;BR-163/MS;Crescente;Acidentes de outra natureza;1;0;0;0;0;0;1
17/06/2023;08:55:48;127;Sem vítima;365,390;BR-163/MS;Crescente;Acidentes de outra natureza;1;0;0;0;0;0;1
17/06/2023;09:16:24;136;Sem vítima;493,244;BR-163/MS;Crescente;Acidentes de outra natureza;1;0;0;0;0;0;1
17/06/2023;09:38:09;144;Sem vítima;658,244;BR-163/MS;Decrescente;Acidentes de outra natureza;1;0;0;0;0;0;1
17/06/2023;09:53:23;151;Sem vítima;256,300;BR-163/MS;Decrescente;Acidentes de outra natureza;1;0;0;0;0;0;1
17/06/2023;10:08:45;154;Sem vítima;365,390;BR-163/MS;Decrescente;Acidentes de outra natureza;1;0;0;0;0;0;1
17/06/2023;10:16:49;160;Sem vítima;580,577;BR-163/MS;Crescente;Acidentes de outra natureza;1;0;0;0;0;0;1
17/06/2023;10:43:36;179;Sem vítima;823,247;BR-163/MS;Crescente;Acidentes de outra natureza;1;0;0;0;0;0;1
17/06/2023;11:54:35;205;Sem vítima;838,357;BR-163/MS;Crescente;Acidentes de outra natureza;1;0;0;0;0;0;1
17/06/2023;12:19:19;214;Sem vítima;396,334;BR-163/MS;Crescente;Acidentes de outra natureza;1;0;0;0;0;0;1
17/06/2023;12:27:43;218;Sem vítima;822,916;BR-163/MS;Decrescente;Acidentes de outra natureza;1;0;0;0;0;0;1
17/06/2023;12:35:51;220;Sem vítima;381,442;BR-163/MS;Decrescente;Acidentes de outra natureza;1;0;0;0;0;0;1
17/06/2023;12:51:07;222;Sem vítima;99,546;BR-163/MS;Crescente;Acidentes de outra natureza;1;0;0;0;0;0;1
17/06/2023;12:54:42;223;Sem vítima;41,623;BR-163/MS;Decrescente;Acidentes de outra natureza;1;0;0;0;0;0;1
17/06/2023;12:59:41;225;Sem vítima;714,358;BR-163/MS;Decrescente;Acidentes de outra natureza;1;0;0;0;0;0;1
17/06/2023;14:31:38;244;Sem vítima;714,365;BR-163/MS;Crescente;Acidentes de outra natureza;1;0;0;0;0;0;1
17/06/2023;14:35:14;248;Sem vítima;469,574;BR-163/MS;Crescente;Acidentes de outra natureza;1;0;0;0;0;0;1
17/06/2023;14:40:37;249;Sem vítima;465,400;BR-163/MS;Decrescente;Acidentes de outra natureza;1;0;0;0;0;0;1
17/06/2023;14:42:00;250;Sem vítima;606,408;BR-163/MS;Decrescente;Acidentes de outra natureza;1;0;0;0;0;0;1
17/06/2023;15:14:40;257;Sem vítima;730,654;BR-163/MS;Crescente;Acidentes de outra natureza;1;0;0;0;0;0;1
17/06/2023;16:34:46;273;Sem vítima;78,274;BR-163/MS;Decrescente;Acidentes de outra natureza;1;0;0;0;0;0;1
17/06/2023;16:37:22;275;Sem vítima;283,701;BR-163/MS;Decrescente;Acidentes de outra natureza;1;0;0;0;0;0;1
17/06/2023;16:39:21;276;Sem vítima;44,901;BR-163/MS;Decrescente;Acidentes de outra natureza;1;0;0;0;0;0;1
17/06/2023;17:32:10;286;Sem vítima;105,418;BR-163/MS;Crescente;Acidentes de outra natureza;1;0;0;0;0;0;1
17/06/2023;19:32:42;340;Sem vítima;703,445;BR-163/MS;Decrescente;Acidentes de outra natureza;1;0;0;0;0;0;1
17/06/2023;20:11:00;409;Sem vítima;193,214;BR-163/MS;Decrescente;Acidentes de outra natureza;1;0;0;0;0;0;1
17/06/2023;20:32:43;414;Sem vítima;640,452;BR-163/MS;Decrescente;Acidentes de outra natureza;1;0;0;0;0;0;1
17/06/2023;21:42:05;481;Sem vítima;313,517;BR-163/MS;Crescente;Acidentes de outra natureza;1;0;0;0;0;0;1
17/06/2023;22:14:55;486;Sem vítima;714,273;BR-163/MS;Decrescente;Acidentes de outra natureza;1;0;0;0;0;0;1
18/06/2023;00:38:00;3;Sem vítima;522,290;BR-163/MS;Decrescente;Acidentes de outra natureza;1;0;0;0;0;0;1
18/06/2023;02:24:00;12;Sem vítima;391,500;BR-163/MS;Crescente;Acidentes de outra natureza;1;0;0;0;0;0;1
18/06/2023;02:38:00;13;Com vítima;477,834;BR-163/MS;Crescente;Acidentes de outra natureza;1;0;1;0;0;0;1
18/06/2023;07:24:25;46;Sem vítima;570,000;BR-163/MS;Crescente;Acidentes de outra natureza;1;0;0;0;0;0;1
18/06/2023;07:28:33;47;Sem vítima;614,826;BR-163/MS;Crescente;Acidentes de outra natureza;1;0;0;0;0;0;1
18/06/2023;08:25:15;94;Sem vítima;432,111;BR-163/MS;Crescente;Acidentes de outra natureza;1;0;0;0;0;0;1
18/06/2023;08:30:19;96;Sem vítima;658,244;BR-163/MS;Decrescente;Acidentes de outra natureza;1;0;0;0;0;0;1
18/06/2023;08:31:42;98;Sem vítima;408,404;BR-163/MS;Decrescente;Acidentes de outra natureza;1;0;0;0;0;0;1
18/06/2023;08:41:09;100;Sem vítima;819,886;BR-163/MS;Crescente;Acidentes de outra natureza;1;0;0;0;0;0;1
18/06/2023;08:41:36;102;Sem vítima;370,000;BR-163/MS;Decrescente;Acidentes de outra natureza;1;0;0;0;0;0;1
18/06/2023;08:59:33;105;Sem vítima;495,119;BR-163/MS;Decrescente;Acidentes de outra natureza;1;0;0;0;0;0;1
18/06/2023;09:23:25;115;Sem vítima;752,713;BR-163/MS;Crescente;Acidentes de outra natureza;1;0;0;0;0;0;1
18/06/2023;09:39:07;128;Sem vítima;714,358;BR-163/MS;Crescente;Acidentes de outra natureza;1;0;0;0;0;0;1
18/06/2023;09:45:08;132;Sem vítima;472,793;BR-163/MS;Crescente;Acidentes de outra natureza;1;0;0;0;0;0;1
18/06/2023;09:47:32;133;Sem vítima;701,128;BR-163/MS;Crescente;Acidentes de outra natureza;1;0;0;0;0;0;1
18/06/2023;09:57:56;135;Sem vítima;85,549;BR-163/MS;Crescente;Acidentes de outra natureza;1;0;0;0;0;0;1
18/06/2023;10:08:02;143;Sem vítima;674,940;BR-163/MS;Crescente;Acidentes de outra natureza;1;0;0;0;0;0;1
18/06/2023;10:19:49;149;Sem vítima;654,166;BR-163/MS;Crescente;Acidentes de outra natureza;1;0;0;0;0;0;1
18/06/2023;10:35:36;153;Sem vítima;286,475;BR-163/MS;Crescente;Acidentes de outra natureza;1;0;0;0;0;0;1
18/06/2023;10:37:57;155;Sem vítima;652,108;BR-163/MS;Crescente;Acidentes de outra natureza;1;0;0;0;0;0;1
18/06/2023;10:39:13;156;Sem vítima;544,437;BR-163/MS;Crescente;Acidentes de outra natureza;1;0;0;0;0;0;1
18/06/2023;10:43:14;159;Sem vítima;650,330;BR-163/MS;Decrescente;Acidentes de outra natureza;1;0;0;0;0;0;1
18/06/2023;10:43:40;161;Sem vítima;650,330;BR-163/MS;Decrescente;Acidentes de outra natureza;1;0;0;0;0;0;1
18/06/2023;10:43:53;160;Sem vítima;447,120;BR-163/MS;Crescente;Acidentes de outra natureza;1;0;0;0;0;0;1
18/06/2023;11:02:26;164;Sem vítima;77,921;BR-163/MS;Crescente;Acidentes de outra natureza;1;0;0;0;0;0;1
18/06/2023;11:46:06;175;Sem vítima;192,750;BR-163/MS;Crescente;Acidentes de outra natureza;1;0;0;0;0;0;1
18/06/2023;13:33:17;201;Sem vítima;0,250;BR-163/MS;Crescente;Acidentes de outra natureza;1;0;0;0;0;0;1
18/06/2023;13:50:57;204;Sem vítima;477,725;BR-163/MS;Crescente;Acidentes de outra natureza;1;0;0;0;0;0;1
18/06/2023;13:52:20;205;Sem vítima;801,545;BR-163/MS;Crescente;Acidentes de outra natureza;1;0;0;0;0;0;1
18/06/2023;13:56:33;208;Sem vítima;315,337;BR-163/MS;Decrescente;Acidentes de outra natureza;1;0;0;0;0;0;1
18/06/2023;13:59:43;212;Sem vítima;104,675;BR-163/MS;Crescente;Acidentes de outra natureza;1;0;0;0;0;0;1
18/06/2023;14:02:24;213;Sem vítima;705,615;BR-163/MS;Decrescente;Acidentes de outra natureza;1;0;0;0;0;0;1
18/06/2023;14:14:59;215;Sem vítima;537,538;BR-163/MS;Decrescente;Acidentes de outra natureza;1;0;0;0;0;0;1
18/06/2023;15:10:18;230;Sem vítima;429,547;BR-163/MS;Crescente;Acidentes de outra natureza;1;0;0;0;0;0;1
18/06/2023;15:24:08;234;Sem vítima;616,000;BR-163/MS;Crescente;Acidentes de outra natureza;1;0;0;0;0;0;1
18/06/2023;16:07:48;243;Sem vítima;792,542;BR-163/MS;Decrescente;Acidentes de outra natureza;1;0;0;0;0;0;1
18/06/2023;20:15:49;312;Sem vítima;833,577;BR-163/MS;Decrescente;Acidentes de outra natureza;1;0;0;0;0;0;1
18/06/2023;22:05:51;401;Sem vítima;92,893;BR-163/MS;Decrescente;Colisão traseira;1;0;0;0;0;0;1
18/06/2023;23:47:31;441;Sem vítima;703,405;BR-163/MS;Crescente;Acidentes de outra natureza;1;0;0;0;0;0;1
19/06/2023;03:43:57;7;Sem vítima;477,827;BR-163/MS;Crescente;Acidentes de outra natureza;1;0;0;0;0;0;1
19/06/2023;04:47:08;9;Sem vítima;313,400;BR-163/MS;Decrescente;Acidentes de outra natureza;1;0;0;0;0;0;1
19/06/2023;06:42:25;40;Sem vítima;799,922;BR-163/MS;Decrescente;Acidentes de outra natureza;1;0;0;0;0;0;1
19/06/2023;07:10:38;58;Sem vítima;201,400;BR-163/MS;Decrescente;Acidentes de outra natureza;1;0;0;0;0;0;1
19/06/2023;07:24:35;61;Sem vítima;323,618;BR-163/MS;Decrescente;Acidentes de outra natureza;1;0;0;0;0;0;1
19/06/2023;07:25:51;62;Sem vítima;426,500;BR-163/MS;Crescente;Acidentes de outra natureza;1;0;0;0;0;0;1
19/06/2023;08:23:32;90;Sem vítima;224,240;BR-163/MS;Crescente;Acidentes de outra natureza;1;0;0;0;0;0;1
19/06/2023;08:42:34;104;Sem vítima;474,451;BR-163/MS;Crescente;Acidentes de outra natureza;1;0;0;0;0;0;1
19/06/2023;09:07:05;114;Sem vítima;706,666;BR-163/MS;Decrescente;Acidentes de outra natureza;1;0;0;0;0;0;1
19/06/2023;09:23:02;124;Sem vítima;452,698;BR-163/MS;Crescente;Acidentes de outra natureza;1;0;0;0;0;0;1
19/06/2023;09:30:15;128;Sem vítima;366,000;BR-163/MS;Crescente;Acidentes de outra natureza;1;0;0;0;0;0;1
19/06/2023;10:01:53;145;Sem vítima;411,324;BR-163/MS;Decrescente;Acidentes de outra natureza;1;0;0;0;0;0;1
19/06/2023;10:02:09;146;Sem vítima;505,200;BR-163/MS;Crescente;Acidentes de outra natureza;1;0;0;0;0;0;1
19/06/2023;10:09:47;148;Sem vítima;399,360;BR-163/MS;Crescente;Colisão traseira;1;0;0;0;0;0;1
19/06/2023;10:16:55;152;Sem vítima;643,407;BR-163/MS;Crescente;Acidentes de outra natureza;1;0;0;0;0;0;1
19/06/2023;10:21:01;155;Sem vítima;266,570;BR-163/MS;Crescente;Acidentes de outra natureza;1;0;0;0;0;0;1
19/06/2023;10:42:39;160;Sem vítima;572,852;BR-163/MS;Decrescente;Acidentes de outra natureza;1;0;0;0;0;0;1
19/06/2023;11:05:16;163;Sem vítima;61,470;BR-163/MS;Decrescente;Acidentes de outra natureza;1;0;0;0;0;0;1
19/06/2023;12:03:46;182;Sem vítima;227,000;BR-163/MS;Decrescente;Acidentes de outra natureza;1;0;0;0;0;0;1
19/06/2023;12:58:50;189;Sem vítima;64,547;BR-163/MS;Crescente;Acidentes de outra natureza;1;0;0;0;0;0;1
19/06/2023;13:22:10;195;Sem vítima;573,128;BR-163/MS;Crescente;Acidentes de outra natureza;1;0;0;0;0;0;1
19/06/2023;13:51:51;206;Sem vítima;722,424;BR-163/MS;Crescente;Acidentes de outra natureza;1;0;0;0;0;0;1
19/06/2023;15:49:59;229;Sem vítima;738,695;BR-163/MS;Decrescente;Acidentes de outra natureza;1;0;0;0;0;0;1
19/06/2023;15:56:24;232;Sem vítima;712,286;BR-163/MS;Crescente;Acidentes de outra natureza;1;0;0;0;0;0;1
19/06/2023;15:57:14;233;Sem vítima;50,144;BR-163/MS;Crescente;Acidentes de outra natureza;1;0;0;0;0;0;1
19/06/2023;16:11:00;239;Sem vítima;479,247;BR-163/MS;Crescente;Acidentes de outra natureza;1;0;0;0;0;0;1
19/06/2023;16:27:25;241;Sem vítima;376,671;BR-163/MS;Decrescente;Acidentes de outra natureza;1;0;0;0;0;0;1
19/06/2023;16:28:19;242;Sem vítima;371,163;BR-163/MS;Decrescente;Acidentes de outra natureza;1;0;0;0;0;0;1
19/06/2023;16:29:37;243;Sem vítima;488,809;BR-163/MS;Crescente;Acidentes de outra natureza;1;0;0;0;0;0;1
19/06/2023;16:30:40;244;Sem vítima;510,600;BR-163/MS;Crescente;Acidentes de outra natureza;1;0;0;0;0;0;1
19/06/2023;16:36:41;245;Sem vítima;293,817;BR-163/MS;Crescente;Acidentes de outra natureza;1;0;0;0;0;0;1
19/06/2023;16:39:12;246;Sem vítima;680,000;BR-163/MS;Crescente;Acidentes de outra natureza;1;0;0;0;0;0;1
19/06/2023;16:42:33;247;Sem vítima;256,150;BR-163/MS;Crescente;Acidentes de outra natureza;1;0;0;0;0;0;1
19/06/2023;16:55:41;249;Sem vítima;88,884;BR-163/MS;Crescente;Acidentes de outra natureza;1;0;0;0;0;0;1
19/06/2023;17:06:16;250;Sem vítima;465,741;BR-163/MS;Decrescente;Acidentes de outra natureza;1;0;0;0;0;0;1
19/06/2023;17:07:28;251;Sem vítima;644,273;BR-163/MS;Crescente;Acidentes de outra natureza;1;0;0;0;0;0;1
19/06/2023;19:36:51;269;Sem vítima;130,274;BR-163/MS;Decrescente;Acidentes de outra natureza;1;0;0;0;0;0;1
20/06/2023;04:24:01;5;Sem vítima;191,316;BR-163/MS;Crescente;Acidentes de outra natureza;1;0;0;0;0;0;1
20/06/2023;05:37:19;8;Sem vítima;412,566;BR-163/MS;Decrescente;Acidentes de outra natureza;1;0;0;0;0;0;1
20/06/2023;06:25:55;13;Sem vítima;449,900;BR-163/MS;Crescente;Acidentes de outra natureza;1;0;0;0;0;0;1
20/06/2023;06:40:21;30;Sem vítima;473,900;BR-163/MS;Decrescente;Acidentes de outra natureza;1;0;0;0;0;0;1
20/06/2023;06:42:26;36;Sem vítima;710,100;BR-163/MS;Crescente;Acidentes de outra natureza;1;0;0;0;0;0;1
20/06/2023;07:18:44;53;Sem vítima;603,277;BR-163/MS;Crescente;Acidentes de outra natureza;1;0;0;0;0;0;1
20/06/2023;08:46:45;105;Sem vítima;544,437;BR-163/MS;Crescente;Acidentes de outra natureza;1;0;0;0;0;0;1
20/06/2023;09:35:01;123;Sem vítima;735,000;BR-163/MS;Crescente;Acidentes de outra natureza;1;0;0;0;0;0;1
20/06/2023;10:51:26;148;Sem vítima;443,247;BR-163/MS;Decrescente;Acidentes de outra natureza;1;0;0;0;0;0;1
20/06/2023;11:13:51;152;Sem vítima;772,247;BR-163/MS;Crescente;Acidentes de outra natureza;1;0;0;0;0;0;1
20/06/2023;11:40:01;158;Sem vítima;445,533;BR-163/MS;Decrescente;Acidentes de outra natureza;1;0;0;0;0;0;1
20/06/2023;12:11:49;165;Sem vítima;680,324;BR-163/MS;Crescente;Acidentes de outra natureza;1;0;0;0;0;0;1
20/06/2023;12:18:09;166;Sem vítima;706,000;BR-163/MS;Crescente;Acidentes de outra natureza;1;0;0;0;0;0;1
20/06/2023;12:28:19;169;Sem vítima;40,539;BR-163/MS;Crescente;Acidentes de outra natureza;1;0;0;0;0;0;1
20/06/2023;12:34:42;170;Sem vítima;490,488;BR-163/MS;Decrescente;Acidentes de outra natureza;1;0;0;0;0;0;1
20/06/2023;12:37:31;171;Sem vítima;386,368;BR-163/MS;Decrescente;Acidentes de outra natureza;1;0;0;0;0;0;1
20/06/2023;13:28:45;184;Sem vítima;703,470;BR-163/MS;Crescente;Acidentes de outra natureza;1;0;0;0;0;0;1
20/06/2023;14:27:18;197;Sem vítima;426,438;BR-163/MS;Decrescente;Acidentes de outra natureza;1;0;0;0;0;0;1
20/06/2023;14:57:04;208;Sem vítima;659,000;BR-163/MS;Crescente;Acidentes de outra natureza;1;0;0;0;0;0;1
20/06/2023;16:19:10;228;Sem vítima;581,514;BR-163/MS;Decrescente;Acidentes de outra natureza;1;0;0;0;0;0;1
20/06/2023;16:41:35;232;Sem vítima;740,757;BR-163/MS;Crescente;Acidentes de outra natureza;1;0;0;0;0;0;1
20/06/2023;17:19:46;240;Sem vítima;489,844;BR-163/MS;Decrescente;Acidentes de outra natureza;1;0;0;0;0;0;1
20/06/2023;18:23:12;249;Sem vítima;679,710;BR-163/MS;Crescente;Acidentes de outra natureza;1;0;0;0;0;0;1
20/06/2023;18:37:49;252;Com vítima;813,000;BR-163/MS;Decrescente;Acidentes de outra natureza;1;0;0;0;0;0;1
20/06/2023;18:50:54;256;Sem vítima;445,529;BR-163/MS;Decrescente;Acidentes de outra natureza;1;0;0;0;0;0;1
20/06/2023;18:52:02;257;Sem vítima;411,650;BR-163/MS;Decrescente;Acidentes de outra natureza;1;0;0;0;0;0;1
20/06/2023;18:53:25;258;Sem vítima;144,650;BR-163/MS;Decrescente;Acidentes de outra natureza;1;0;0;0;0;0;1
20/06/2023;19:01:49;261;Sem vítima;575,207;BR-163/MS;Crescente;Acidentes de outra natureza;1;0;0;0;0;0;1
20/06/2023;19:16:58;272;Sem vítima;433,542;BR-163/MS;Crescente;Acidentes de outra natureza;1;0;0;0;0;0;1
20/06/2023;19:26:04;291;Sem vítima;575,183;BR-163/MS;Decrescente;Acidentes de outra natureza;1;0;0;0;0;0;1
20/06/2023;20:16:12;300;Sem vítima;255,245;BR-163/MS;Crescente;Acidentes de outra natureza;1;0;0;0;0;0;1
20/06/2023;23:20:21;370;Sem vítima;530,000;BR-163/MS;Decrescente;Acidentes de outra natureza;1;0;0;0;0;0;1
21/06/2023;00:18:57;3;Sem vítima;552,000;BR-163/MS;Decrescente;Acidentes de outra natureza;1;0;0;0;0;0;1
21/06/2023;00:52:06;5;Sem vítima;192,200;BR-163/MS;Crescente;Acidentes de outra natureza;1;0;0;0;0;0;1
21/06/2023;01:17:17;6;Sem vítima;822,248;BR-163/MS;Decrescente;Acidentes de outra natureza;1;0;0;0;0;0;1
21/06/2023;01:24:11;7;Sem vítima;133,430;BR-163/MS;Decrescente;Acidentes de outra natureza;1;0;0;0;0;0;1
21/06/2023;03:45:46;16;Sem vítima;87,491;BR-163/MS;Crescente;Acidentes de outra natureza;1;0;0;0;0;0;1
21/06/2023;04:56:40;20;Sem vítima;40,382;BR-163/MS;Decrescente;Acidentes de outra natureza;1;0;0;0;0;0;1
21/06/2023;06:21:22;30;Sem vítima;575,183;BR-163/MS;Decrescente;Acidentes de outra natureza;1;0;0;0;0;0;1
21/06/2023;06:37:06;60;Sem vítima;334,425;BR-163/MS;Crescente;Acidentes de outra natureza;1;0;0;0;0;0;1
21/06/2023;06:42:34;63;Sem vítima;113,000;BR-163/MS;Crescente;Acidentes de outra natureza;1;0;0;0;0;0;1
21/06/2023;06:56:41;68;Sem vítima;162,522;BR-163/MS;Crescente;Acidentes de outra natureza;1;0;0;0;0;0;1
21/06/2023;07:01:52;76;Sem vítima;334,000;BR-163/MS;Decrescente;Acidentes de outra natureza;1;0;0;0;0;0;1
21/06/2023;07:02:46;77;Sem vítima;472,337;BR-163/MS;Decrescente;Acidentes de outra natureza;1;0;0;0;0;0;1
21/06/2023;07:32:36;86;Sem vítima;762,741;BR-163/MS;Crescente;Acidentes de outra natureza;1;0;0;0;0;0;1
21/06/2023;07:59:33;109;Sem vítima;403,360;BR-163/MS;Decrescente;Acidentes de outra natureza;1;0;0;0;0;0;1
21/06/2023;08:17:00;112;Sem vítima;158,347;BR-163/MS;Decrescente;Acidentes de outra natureza;1;0;0;0;0;0;1
21/06/2023;08:17:29;113;Sem vítima;562,421;BR-163/MS;Crescente;Acidentes de outra natureza;1;0;0;0;0;0;1
21/06/2023;09:01:14;134;Sem vítima;681,500;BR-163/MS;Crescente;Acidentes de outra natureza;1;0;0;0;0;0;1
21/06/2023;09:03:44;137;Sem vítima;689,000;BR-163/MS;Crescente;Acidentes de outra natureza;1;0;0;0;0;0;1
21/06/2023;09:07:29;139;Sem vítima;481,500;BR-163/MS;Crescente;Acidentes de outra natureza;1;0;0;0;0;0;1
21/06/2023;09:41:33;150;Sem vítima;485,614;BR-163/MS;Decrescente;Acidentes de outra natureza;1;0;0;0;0;0;1
21/06/2023;09:58:37;158;Sem vítima;714,358;BR-163/MS;Decrescente;Acidentes de outra natureza;1;0;0;0;0;0;1
21/06/2023;10:10:24;162;Sem vítima;466,322;BR-163/MS;Crescente;Acidentes de outra natureza;1;0;0;0;0;0;1
21/06/2023;10:11:16;163;Sem vítima;583,319;BR-163/MS;Decrescente;Acidentes de outra natureza;1;0;0;0;0;0;1
21/06/2023;10:20:05;167;Sem vítima;205,000;BR-163/MS;Crescente;Acidentes de outra natureza;1;0;0;0;0;0;1
21/06/2023;10:40:25;172;Sem vítima;550,600;BR-163/MS;Crescente;Acidentes de outra natureza;1;0;0;0;0;0;1
21/06/2023;11:07:28;179;Sem vítima;364,218;BR-163/MS;Crescente;Acidentes de outra natureza;1;0;0;0;0;0;1
21/06/2023;11:23:35;181;Sem vítima;227,353;BR-163/MS;Crescente;Acidentes de outra natureza;1;0;0;0;0;0;1
21/06/2023;12:05:07;200;Sem vítima;826,000;BR-163/MS;Crescente;Acidentes de outra natureza;1;0;0;0;0;0;1
21/06/2023;12:32:57;209;Sem vítima;822,626;BR-163/MS;Crescente;Acidentes de outra natureza;1;0;0;0;0;0;1
21/06/2023;12:34:50;210;Sem vítima;839,000;BR-163/MS;Crescente;Acidentes de outra natureza;1;0;0;0;0;0;1
21/06/2023;12:41:18;212;Sem vítima;843,552;BR-163/MS;Decrescente;Acidentes de outra natureza;1;0;0;0;0;0;1
21/06/2023;12:42:30;214;Sem vítima;743,719;BR-163/MS;Crescente;Acidentes de outra natureza;1;0;0;0;0;0;1
21/06/2023;13:43:26;230;Sem vítima;458,740;BR-163/MS;Crescente;Acidentes de outra natureza;1;0;0;0;0;0;1
21/06/2023;13:57:44;235;Sem vítima;544,000;BR-163/MS;Crescente;Acidentes de outra natureza;1;0;0;0;0;0;1
21/06/2023;14:12:59;240;Sem vítima;460,936;BR-163/MS;Crescente;Acidentes de outra natureza;1;0;0;0;0;0;1
21/06/2023;14:30:33;243;Sem vítima;149,336;BR-163/MS;Crescente;Acidentes de outra natureza;1;0;0;0;0;0;1
21/06/2023;14:33:04;244;Sem vítima;28,500;BR-163/MS;Decrescente;Acidentes de outra natureza;1;0;0;0;0;0;1
21/06/2023;14:55:32;250;Sem vítima;257,871;BR-163/MS;Decrescente;Acidentes de outra natureza;1;0;0;0;0;0;1
21/06/2023;15:05:45;254;Sem vítima;588,415;BR-163/MS;Decrescente;Acidentes de outra natureza;1;0;0;0;0;0;1
21/06/2023;16:03:02;279;Sem vítima;470,000;BR-163/MS;Crescente;Acidentes de outra natureza;1;0;0;0;0;0;1
21/06/2023;16:14:07;281;Sem vítima;228,531;BR-163/MS;Crescente;Acidentes de outra natureza;1;0;0;0;0;0;1
21/06/2023;16:31:10;285;Sem vítima;90,621;BR-163/MS;Decrescente;Acidentes de outra natureza;1;0;0;0;0;0;1
21/06/2023;16:33:30;287;Sem vítima;483,126;BR-163/MS;Decrescente;Acidentes de outra natureza;1;0;0;0;0;0;1
21/06/2023;16:46:00;290;Sem vítima;150,570;BR-163/MS;Decrescente;Acidentes de outra natureza;1;0;0;0;0;0;1
21/06/2023;17:04:04;292;Sem vítima;825,000;BR-163/MS;Crescente;Acidentes de outra natureza;1;0;0;0;0;0;1
21/06/2023;17:21:32;293;Sem vítima;421,176;BR-163/MS;Crescente;Acidentes de outra natureza;1;0;0;0;0;0;1
21/06/2023;17:23:23;294;Sem vítima;803,374;BR-163/MS;Decrescente;Acidentes de outra natureza;1;0;0;0;0;0;1