data;horario;n_da_ocorrencia;tipo_de_ocorrencia;km;trecho;sentido;tipo_de_acidente;caminhao;ilesos;levemente_feridos;moderadamente_feridos;gravemente_feridos;mortos;3
21/06/2023;17:30:29;295;Sem vítima;712,345;BR-163/MS;Crescente;Acidentes de outra natureza;1;0;0;0;0;0;1
21/06/2023;17:45:22;302;Sem vítima;406,606;BR-163/MS;Decrescente;Acidentes de outra natureza;1;0;0;0;0;0;1
21/06/2023;18:29:01;310;Sem vítima;402,948;BR-163/MS;Decrescente;Acidentes de outra natureza;1;0;0;0;0;0;1
21/06/2023;18:38:08;312;Sem vítima;23,721;BR-163/MS;Decrescente;Acidentes de outra natureza;1;0;0;0;0;0;1
21/06/2023;18:52:42;315;Sem vítima;473,906;BR-163/MS;Decrescente;Acidentes de outra natureza;1;0;0;0;0;0;1
21/06/2023;19:05:40;317;Sem vítima;392,754;BR-163/MS;Crescente;Acidentes de outra natureza;1;0;0;0;0;0;1
21/06/2023;19:12:08;321;Sem vítima;567,726;BR-163/MS;Decrescente;Acidentes de outra natureza;1;0;0;0;0;0;1
21/06/2023;19:20:55;323;Sem vítima;64,735;BR-163/MS;Decrescente;Acidentes de outra natureza;1;0;0;0;0;0;1
21/06/2023;20:35:15;349;Sem vítima;113,269;BR-163/MS;Decrescente;Acidentes de outra natureza;1;0;0;0;0;0;1
21/06/2023;22:01:33;436;Sem vítima;422,000;BR-163/MS;Decrescente;Acidentes de outra natureza;1;0;0;0;0;0;1
21/06/2023;22:04:43;437;Sem vítima;86,514;BR-163/MS;Decrescente;Acidentes de outra natureza;1;0;0;0;0;0;1
21/06/2023;22:52:42;474;Sem vítima;506,574;BR-163/MS;Crescente;Acidentes de outra natureza;1;0;0;0;0;0;1
22/06/2023;01:31:28;5;Sem vítima;671,618;BR-163/MS;Crescente;Acidentes de outra natureza;1;0;0;0;0;0;1
22/06/2023;01:46:12;6;Sem vítima;413,304;BR-163/MS;Decrescente;Acidentes de outra natureza;1;0;0;0;0;0;1
22/06/2023;02:23:03;8;Sem vítima;662,200;BR-163/MS;Crescente;Acidentes de outra natureza;1;0;0;0;0;0;1
22/06/2023;02:25:54;9;Sem vítima;129,295;BR-163/MS;Decrescente;Acidentes de outra natureza;1;0;0;0;0;0;1
22/06/2023;05:50:00;21;Sem vítima;556,631;BR-163/MS;Crescente;Colisão lateral no mesmo sentido;1;0;0;0;0;0;1
22/06/2023;05:51:26;22;Sem vítima;223,488;BR-163/MS;Crescente;Acidentes de outra natureza;1;0;0;0;0;0;1
22/06/2023;06:20:07;26;Sem vítima;680,000;BR-163/MS;Decrescente;Acidentes de outra natureza;1;0;0;0;0;0;1
22/06/2023;06:25:47;28;Sem vítima;111,700;BR-163/MS;Decrescente;Acidentes de outra natureza;1;0;0;0;0;0;1
22/06/2023;07:00:23;39;Sem vítima;654,660;BR-163/MS;Decrescente;Acidentes de outra natureza;1;0;0;0;0;0;1
22/06/2023;08:25:18;82;Sem vítima;461,397;BR-163/MS;Crescente;Acidentes de outra natureza;1;0;0;0;0;0;1
22/06/2023;08:56:27;126;Sem vítima;131,925;BR-163/MS;Crescente;Acidentes de outra natureza;1;0;0;0;0;0;1
22/06/2023;09:01:48;133;Sem vítima;393,557;BR-163/MS;Crescente;Acidentes de outra natureza;1;0;0;0;0;0;1
22/06/2023;09:17:12;142;Sem vítima;503,000;BR-163/MS;Crescente;Acidentes de outra natureza;1;0;0;0;0;0;1
22/06/2023;10:38:04;176;Sem vítima;113,253;BR-163/MS;Crescente;Acidentes de outra natureza;1;0;0;0;0;0;1
22/06/2023;10:44:18;179;Sem vítima;21,000;BR-163/MS;Decrescente;Acidentes de outra natureza;1;0;0;0;0;0;1
22/06/2023;11:44:22;194;Sem vítima;191,493;BR-163/MS;Crescente;Acidentes de outra natureza;1;0;0;0;0;0;1
22/06/2023;11:55:40;196;Sem vítima;805,990;BR-163/MS;Decrescente;Acidentes de outra natureza;1;0;0;0;0;0;1
22/06/2023;12:14:31;200;Sem vítima;417,351;BR-163/MS;Crescente;Acidentes de outra natureza;1;0;0;0;0;0;1
22/06/2023;12:37:44;207;Sem vítima;791,200;BR-163/MS;Decrescente;Acidentes de outra natureza;1;0;0;0;0;0;1
22/06/2023;12:53:37;210;Sem vítima;419,950;BR-163/MS;Decrescente;Acidentes de outra natureza;1;0;0;0;0;0;1
22/06/2023;13:21:00;216;Sem vítima;728,293;BR-163/MS;Decrescente;Acidentes de outra natureza;1;0;0;0;0;0;1
22/06/2023;14:16:36;227;Sem vítima;564,144;BR-163/MS;Crescente;Acidentes de outra natureza;1;0;0;0;0;0;1
22/06/2023;15:22:05;247;Sem vítima;545,000;BR-163/MS;Crescente;Acidentes de outra natureza;1;0;0;0;0;0;1
22/06/2023;16:14:22;259;Sem vítima;603,000;BR-163/MS;Crescente;Acidentes de outra natureza;1;0;0;0;0;0;1
22/06/2023;16:39:12;267;Sem vítima;493,859;BR-163/MS;Crescente;Acidentes de outra natureza;1;0;0;0;0;0;1
22/06/2023;17:35:31;277;Sem vítima;503,000;BR-163/MS;Decrescente;Acidentes de outra natureza;1;0;0;0;0;0;1
22/06/2023;17:37:54;278;Com vítima;324,586;BR-163/MS;Crescente;Acidentes de outra natureza;1;0;1;0;0;0;1
22/06/2023;18:19:55;285;Sem vítima;234,303;BR-163/MS;Crescente;Acidentes de outra natureza;1;0;0;0;0;0;1
22/06/2023;18:31:18;287;Sem vítima;603,503;BR-163/MS;Decrescente;Acidentes de outra natureza;1;0;0;0;0;0;1
22/06/2023;18:47:57;292;Sem vítima;551,870;BR-163/MS;Decrescente;Acidentes de outra natureza;1;0;0;0;0;0;1
22/06/2023;21:55:14;404;Sem vítima;18,359;BR-163/MS;Crescente;Acidentes de outra natureza;1;0;0;0;0;0;1
22/06/2023;21:56:30;405;Sem vítima;619,191;BR-163/MS;Decrescente;Acidentes de outra natureza;1;0;0;0;0;0;1
23/06/2023;07:16:55;27;Sem vítima;36,900;BR-163/MS;Crescente;Acidentes de outra natureza;1;0;0;0;0;0;1
23/06/2023;07:57:10;38;Sem vítima;485,536;BR-163/MS;Crescente;Acidentes de outra natureza;1;0;0;0;0;0;1
23/06/2023;09:13:34;81;Sem vítima;474,731;BR-163/MS;Crescente;Acidentes de outra natureza;1;0;0;0;0;0;1
23/06/2023;09:52:16;123;Sem vítima;388,000;BR-163/MS;Crescente;Acidentes de outra natureza;1;0;0;0;0;0;1
23/06/2023;10:44:03;155;Sem vítima;153,860;BR-163/MS;Crescente;Acidentes de outra natureza;1;0;0;0;0;0;1
23/06/2023;10:52:02;159;Sem vítima;725,000;BR-163/MS;Crescente;Acidentes de outra natureza;1;0;0;0;0;0;1
23/06/2023;10:57:01;161;Sem vítima;503,595;BR-163/MS;Crescente;Acidentes de outra natureza;1;0;0;0;0;0;1
23/06/2023;11:19:22;169;Sem vítima;430,222;BR-163/MS;Crescente;Acidentes de outra natureza;1;0;0;0;0;0;1
23/06/2023;11:53:02;180;Sem vítima;365,100;BR-163/MS;Crescente;Acidentes de outra natureza;1;0;0;0;0;0;1
23/06/2023;12:21:06;188;Com vítima;577,913;BR-163/MS;Crescente;Acidentes de outra natureza;1;0;1;0;0;0;1
23/06/2023;14:23:12;232;Sem vítima;462,100;BR-163/MS;Crescente;Acidentes de outra natureza;1;0;0;0;0;0;1
23/06/2023;14:42:12;239;Sem vítima;395,000;BR-163/MS;Crescente;Acidentes de outra natureza;1;0;0;0;0;0;1
23/06/2023;14:48:42;241;Sem vítima;263,500;BR-163/MS;Decrescente;Acidentes de outra natureza;1;0;0;0;0;0;1
23/06/2023;14:56:58;242;Sem vítima;188,000;BR-163/MS;Crescente;Acidentes de outra natureza;1;0;0;0;0;0;1
23/06/2023;15:08:00;246;Sem vítima;427,325;BR-163/MS;Crescente;Acidentes de outra natureza;1;0;0;0;0;0;1
23/06/2023;15:19:36;251;Sem vítima;373,322;BR-163/MS;Crescente;Acidentes de outra natureza;1;0;0;0;0;0;1
23/06/2023;15:24:49;253;Sem vítima;136,417;BR-163/MS;Decrescente;Acidentes de outra natureza;1;0;0;0;0;0;1
23/06/2023;15:29:00;254;Sem vítima;369,000;BR-163/MS;Crescente;Acidentes de outra natureza;1;0;0;0;0;0;1
23/06/2023;15:58:59;263;Sem vítima;479,682;BR-163/MS;Decrescente;Acidentes de outra natureza;1;0;0;0;0;0;1
23/06/2023;16:13:14;266;Sem vítima;535,975;BR-163/MS;Decrescente;Acidentes de outra natureza;1;0;0;0;0;0;1
23/06/2023;16:19:09;267;Sem vítima;461,767;BR-163/MS;Decrescente;Acidentes de outra natureza;1;0;0;0;0;0;1
23/06/2023;16:22:10;269;Sem vítima;708,820;BR-163/MS;Decrescente;Acidentes de outra natureza;1;0;0;0;0;0;1
23/06/2023;16:23:43;271;Sem vítima;388,173;BR-163/MS;Crescente;Acidentes de outra natureza;1;0;0;0;0;0;1
23/06/2023;16:51:39;276;Sem vítima;611,226;BR-163/MS;Crescente;Acidentes de outra natureza;1;0;0;0;0;0;1
23/06/2023;16:53:31;278;Sem vítima;99,426;BR-163/MS;Crescente;Acidentes de outra natureza;1;0;0;0;0;0;1
23/06/2023;17:23:22;284;Sem vítima;283,214;BR-163/MS;Decrescente;Acidentes de outra natureza;1;0;0;0;0;0;1
23/06/2023;18:57:28;302;Sem vítima;597,000;BR-163/MS;Crescente;Acidentes de outra natureza;1;0;0;0;0;0;1
23/06/2023;19:08:55;304;Sem vítima;216,920;BR-163/MS;Decrescente;Acidentes de outra natureza;1;0;0;0;0;0;1
23/06/2023;20:28:15;369;Sem vítima;576,500;BR-163/MS;Decrescente;Acidentes de outra natureza;1;0;0;0;0;0;1
23/06/2023;21:31:44;381;Sem vítima;562,687;BR-163/MS;Decrescente;Acidentes de outra natureza;1;0;0;0;0;0;1
24/06/2023;02:52:35;11;Sem vítima;500,717;BR-163/MS;Decrescente;Acidentes de outra natureza;1;0;0;0;0;0;1
24/06/2023;05:33:28;25;Sem vítima;669,833;BR-163/MS;Crescente;Acidentes de outra natureza;1;0;0;0;0;0;1
24/06/2023;06:49:49;58;Sem vítima;443,300;BR-163/MS;Crescente;Acidentes de outra natureza;1;0;0;0;0;0;1
24/06/2023;07:14:55;73;Sem vítima;55,892;BR-163/MS;Decrescente;Acidentes de outra natureza;1;0;0;0;0;0;1
24/06/2023;08:29:05;112;Sem vítima;152,000;BR-163/MS;Decrescente;Acidentes de outra natureza;1;0;0;0;0;0;1
24/06/2023;08:36:51;117;Sem vítima;454,617;BR-163/MS;Crescente;Acidentes de outra natureza;1;0;0;0;0;0;1
24/06/2023;08:46:42;121;Sem vítima;64,300;BR-163/MS;Decrescente;Acidentes de outra natureza;1;0;0;0;0;0;1
24/06/2023;09:19:39;130;Sem vítima;117,505;BR-163/MS;Decrescente;Acidentes de outra natureza;1;0;0;0;0;0;1
24/06/2023;09:53:46;138;Sem vítima;469,465;BR-163/MS;Crescente;Acidentes de outra natureza;1;0;0;0;0;0;1
24/06/2023;10:16:34;146;Sem vítima;806,575;BR-163/MS;Crescente;Acidentes de outra natureza;1;0;0;0;0;0;1
24/06/2023;10:50:25;154;Sem vítima;4,241;BR-163/MS;Crescente;Acidentes de outra natureza;1;0;0;0;0;0;1
24/06/2023;10:55:40;155;Sem vítima;314,300;BR-163/MS;Crescente;Acidentes de outra natureza;1;0;0;0;0;0;1
24/06/2023;11:36:46;167;Sem vítima;402,542;BR-163/MS;Decrescente;Acidentes de outra natureza;1;0;0;0;0;0;1
24/06/2023;11:52:53;169;Sem vítima;521,000;BR-163/MS;Decrescente;Acidentes de outra natureza;1;0;0;0;0;0;1
24/06/2023;12:07:02;175;Sem vítima;269,600;BR-163/MS;Crescente;Acidentes de outra natureza;1;0;0;0;0;0;1
24/06/2023;12:12:17;176;Sem vítima;405,595;BR-163/MS;Decrescente;Acidentes de outra natureza;1;0;0;0;0;0;1
24/06/2023;12:28:32;177;Sem vítima;698,711;BR-163/MS;Decrescente;Acidentes de outra natureza;1;0;0;0;0;0;1
24/06/2023;13:15:39;190;Sem vítima;390,916;BR-163/MS;Decrescente;Acidentes de outra natureza;1;0;0;0;0;0;1
24/06/2023;14:16:36;211;Sem vítima;128,660;BR-163/MS;Decrescente;Acidentes de outra natureza;1;0;0;0;0;0;1
24/06/2023;14:48:37;217;Sem vítima;208,000;BR-163/MS;Crescente;Acidentes de outra natureza;1;0;0;0;0;0;1
24/06/2023;14:50:42;218;Sem vítima;817,000;BR-163/MS;Decrescente;Acidentes de outra natureza;1;0;0;0;0;0;1
24/06/2023;14:58:38;221;Sem vítima;539,432;BR-163/MS;Crescente;Colisão lateral no mesmo sentido;1;0;0;0;0;0;1
24/06/2023;15:02:18;223;Sem vítima;588,400;BR-163/MS;Decrescente;Acidentes de outra natureza;1;0;0;0;0;0;1
24/06/2023;15:46:40;231;Sem vítima;470,839;BR-163/MS;Decrescente;Acidentes de outra natureza;1;0;0;0;0;0;1
24/06/2023;16:08:08;237;Sem vítima;62,000;BR-163/MS;Crescente;Acidentes de outra natureza;1;0;0;0;0;0;1
24/06/2023;16:14:57;240;Sem vítima;818,500;BR-163/MS;Crescente;Acidentes de outra natureza;1;0;0;0;0;0;1
24/06/2023;16:53:03;248;Sem vítima;48,600;BR-163/MS;Decrescente;Acidentes de outra natureza;1;0;0;0;0;0;1
24/06/2023;16:58:59;250;Sem vítima;542,575;BR-163/MS;Decrescente;Acidentes de outra natureza;1;0;0;0;0;0;1
24/06/2023;18:34:54;273;Sem vítima;388,651;BR-163/MS;Crescente;Acidentes de outra natureza;1;0;0;0;0;0;1
24/06/2023;19:20:47;334;Sem vítima;272,800;BR-163/MS;Crescente;Acidentes de outra natureza;1;0;0;0;0;0;1
24/06/2023;19:31:02;338;Sem vítima;655,000;BR-163/MS;Crescente;Acidentes de outra natureza;1;0;0;0;0;0;1
24/06/2023;20:56:42;394;Sem vítima;693,770;BR-163/MS;Crescente;Acidentes de outra natureza;1;0;0;0;0;0;1
24/06/2023;21:42:31;418;Sem vítima;272,000;BR-163/MS;Decrescente;Acidentes de outra natureza;1;0;0;0;0;0;1
24/06/2023;23:00:06;470;Sem vítima;508,000;BR-163/MS;Decrescente;Acidentes de outra natureza;1;0;0;0;0;0;1
25/06/2023;03:35:46;12;Sem vítima;210,500;BR-163/MS;Decrescente;Acidentes de outra natureza;1;0;0;0;0;0;1
25/06/2023;05:42:49;18;Sem vítima;14,774;BR-163/MS;Crescente;Acidentes de outra natureza;1;0;0;0;0;0;1
25/06/2023;07:20:18;56;Sem vítima;602,500;BR-163/MS;Decrescente;Acidentes de outra natureza;1;0;0;0;0;0;1
25/06/2023;07:45:01;62;Sem vítima;394,727;BR-163/MS;Decrescente;Acidentes de outra natureza;1;0;0;0;0;0;1
25/06/2023;08:02:07;66;Sem vítima;840,502;BR-163/MS;Crescente;Acidentes de outra natureza;1;0;0;0;0;0;1
25/06/2023;08:15:05;68;Sem vítima;553,229;BR-163/MS;Decrescente;Acidentes de outra natureza;1;0;0;0;0;0;1
25/06/2023;08:21:53;70;Sem vítima;398,914;BR-163/MS;Decrescente;Acidentes de outra natureza;1;0;0;0;0;0;1
25/06/2023;08:49:59;84;Sem vítima;740,000;BR-163/MS;Decrescente;Acidentes de outra natureza;1;0;0;0;0;0;1
25/06/2023;10:37:40;114;Sem vítima;570,648;BR-163/MS;Decrescente;Acidentes de outra natureza;1;0;0;0;0;0;1
25/06/2023;11:18:00;126;Sem vítima;710,716;BR-163/MS;Crescente;Acidentes de outra natureza;1;0;0;0;0;0;1
25/06/2023;13:59:49;148;Sem vítima;601,841;BR-163/MS;Decrescente;Acidentes de outra natureza;1;0;0;0;0;0;1
25/06/2023;14:10:39;151;Sem vítima;249,000;BR-163/MS;Crescente;Acidentes de outra natureza;1;0;0;0;0;0;1
25/06/2023;14:32:38;156;Sem vítima;575,290;BR-163/MS;Decrescente;Acidentes de outra natureza;1;0;0;0;0;0;1
25/06/2023;14:38:45;159;Sem vítima;232,332;BR-163/MS;Decrescente;Acidentes de outra natureza;1;0;0;0;0;0;1
25/06/2023;16:07:52;175;Sem vítima;778,445;BR-163/MS;Crescente;Acidentes de outra natureza;1;0;0;0;0;0;1
25/06/2023;19:26:10;246;Sem vítima;224,370;BR-163/MS;Decrescente;Acidentes de outra natureza;1;0;0;0;0;0;1
25/06/2023;19:32:12;247;Sem vítima;415,000;BR-163/MS;Decrescente;Acidentes de outra natureza;1;0;0;0;0;0;1
25/06/2023;19:39:18;248;Sem vítima;432,000;BR-163/MS;Crescente;Acidentes de outra natureza;1;0;0;0;0;0;1
25/06/2023;19:41:01;249;Sem vítima;343,000;BR-163/MS;Decrescente;Acidentes de outra natureza;1;0;0;0;0;0;1
25/06/2023;19:41:32;250;Sem vítima;503,368;BR-163/MS;Decrescente;Acidentes de outra natureza;1;0;0;0;0;0;1
25/06/2023;22:00:04;316;Sem vítima;467,000;BR-163/MS;Crescente;Acidentes de outra natureza;1;0;0;0;0;0;1
25/06/2023;22:08:13;328;Sem vítima;736,000;BR-163/MS;Decrescente;Acidentes de outra natureza;1;0;0;0;0;0;1
25/06/2023;23:15:07;338;Sem vítima;20,420;BR-163/MS;Decrescente;Acidentes de outra natureza;1;0;0;0;0;0;1
25/06/2023;23:28:25;339;Sem vítima;218,000;BR-163/MS;Decrescente;Acidentes de outra natureza;1;0;0;0;0;0;1
25/06/2023;23:37:16;340;Sem vítima;478,225;BR-163/MS;Decrescente;Colisão traseira;1;0;0;0;0;0;1
26/06/2023;01:29:37;8;Sem vítima;666,107;BR-163/MS;Crescente;Acidentes de outra natureza;1;0;0;0;0;0;1
26/06/2023;03:52:44;16;Sem vítima;503,368;BR-163/MS;Decrescente;Acidentes de outra natureza;1;0;0;0;0;0;1
26/06/2023;05:25:54;20;Sem vítima;706,207;BR-163/MS;Crescente;Acidentes de outra natureza;1;0;0;0;0;0;1
26/06/2023;06:25:04;26;Sem vítima;712,420;BR-163/MS;Crescente;Acidentes de outra natureza;1;0;0;0;0;0;1
26/06/2023;07:20:25;54;Sem vítima;263,400;BR-163/MS;Crescente;Acidentes de outra natureza;1;0;0;0;0;0;1
26/06/2023;07:51:27;76;Sem vítima;708,000;BR-163/MS;Crescente;Acidentes de outra natureza;1;0;0;0;0;0;1
26/06/2023;08:19:39;87;Sem vítima;299,200;BR-163/MS;Crescente;Acidentes de outra natureza;1;0;0;0;0;0;1
26/06/2023;08:30:29;92;Sem vítima;331,880;BR-163/MS;Crescente;Acidentes de outra natureza;1;0;0;0;0;0;1
26/06/2023;09:18:41;114;Sem vítima;481,478;BR-163/MS;Decrescente;Acidentes de outra natureza;1;0;0;0;0;0;1
26/06/2023;09:40:36;124;Sem vítima;570,653;BR-163/MS;Crescente;Acidentes de outra natureza;1;0;0;0;0;0;1
26/06/2023;10:10:11;142;Sem vítima;678,183;BR-163/MS;Crescente;Acidentes de outra natureza;1;0;0;0;0;0;1
26/06/2023;10:14:57;143;Sem vítima;714,414;BR-163/MS;Decrescente;Acidentes de outra natureza;1;0;0;0;0;0;1
26/06/2023;10:37:12;149;Sem vítima;539,000;BR-163/MS;Decrescente;Acidentes de outra natureza;1;0;0;0;0;0;1
26/06/2023;10:57:14;161;Sem vítima;642,835;BR-163/MS;Crescente;Acidentes de outra natureza;1;0;0;0;0;0;1
26/06/2023;12:07:29;175;Sem vítima;471,754;BR-163/MS;Decrescente;Acidentes de outra natureza;1;0;0;0;0;0;1
26/06/2023;13:44:18;196;Sem vítima;64,817;BR-163/MS;Decrescente;Acidentes de outra natureza;1;0;0;0;0;0;1
26/06/2023;13:46:44;197;Sem vítima;399,554;BR-163/MS;Crescente;Acidentes de outra natureza;1;0;0;0;0;0;1
26/06/2023;14:11:47;204;Sem vítima;63,800;BR-163/MS;Decrescente;Acidentes de outra natureza;1;0;0;0;0;0;1
26/06/2023;14:27:25;212;Sem vítima;703,501;BR-163/MS;Crescente;Acidentes de outra natureza;1;0;0;0;0;0;1
26/06/2023;14:39:49;215;Sem vítima;578,183;BR-163/MS;Crescente;Acidentes de outra natureza;1;0;0;0;0;0;1
26/06/2023;15:29:05;231;Sem vítima;370,712;BR-163/MS;Crescente;Acidentes de outra natureza;1;0;0;0;0;0;1
26/06/2023;16:42:50;246;Sem vítima;331,843;BR-163/MS;Decrescente;Acidentes de outra natureza;1;0;0;0;0;0;1
26/06/2023;16:52:00;248;Sem vítima;545,816;BR-163/MS;Crescente;Acidentes de outra natureza;1;0;0;0;0;0;1
26/06/2023;17:02:38;251;Sem vítima;811,369;BR-163/MS;Crescente;Acidentes de outra natureza;1;0;0;0;0;0;1
26/06/2023;17:07:55;254;Sem vítima;431,636;BR-163/MS;Decrescente;Acidentes de outra natureza;1;0;0;0;0;0;1
26/06/2023;17:12:14;255;Sem vítima;453,572;BR-163/MS;Crescente;Acidentes de outra natureza;1;0;0;0;0;0;1
26/06/2023;17:24:51;258;Sem vítima;135,200;BR-163/MS;Crescente;Acidentes de outra natureza;1;0;0;0;0;0;1
26/06/2023;19:27:09;281;Sem vítima;478,534;BR-163/MS;Crescente;Acidentes de outra natureza;1;0;0;0;0;0;1
26/06/2023;19:32:54;282;Sem vítima;250,890;BR-163/MS;Decrescente;Acidentes de outra natureza;1;0;0;0;0;0;1
26/06/2023;20:12:10;316;Sem vítima;345,143;BR-163/MS;Decrescente;Acidentes de outra natureza;1;0;0;0;0;0;1
26/06/2023;21:10:03;352;Sem vítima;563,400;BR-163/MS;Decrescente;Acidentes de outra natureza;1;0;0;0;0;0;1
29/06/2023;14:10:56;244;Sem vítima;536,982;BR-163/MS;Crescente;Acidentes de outra natureza;1;0;0;0;0;0;1
29/06/2023;14:35:30;259;Sem vítima;731,424;BR-163/MS;Crescente;Acidentes de outra natureza;1;0;0;0;0;0;1
02/07/2023;14:15:19;169;Sem vítima;400,706;BR-163/MS;Crescente;Acidentes de outra natureza;1;0;0;0;0;0;1
04/07/2023;08:59:49;132;Sem vítima;258,609;BR-163/MS;Decrescente;Acidentes de outra natureza;1;0;0;0;0;0;1
05/07/2023;14:53:22;234;Sem vítima;740,794;BR-163/MS;Decrescente;Acidentes de outra natureza;1;0;0;0;0;0;1
05/07/2023;15:18:12;244;Sem vítima;386,400;BR-163/MS;Crescente;Acidentes de outra natureza;1;0;0;0;0;0;1
05/07/2023;15:29:53;247;Sem vítima;36,500;BR-163/MS;Decrescente;Acidentes de outra natureza;1;0;0;0;0;0;1
05/07/2023;15:54:42;254;Sem vítima;102,400;BR-163/MS;Decrescente;Acidentes de outra natureza;1;0;0;0;0;0;1
05/07/2023;16:05:58;260;Sem vítima;290,904;BR-163/MS;Crescente;Acidentes de outra natureza;1;0;0;0;0;0;1
05/07/2023;16:29:50;271;Sem vítima;113,500;BR-163/MS;Decrescente;Acidentes de outra natureza;1;0;0;0;0;0;1
05/07/2023;16:32:09;272;Sem vítima;786,500;BR-163/MS;Crescente;Acidentes de outra natureza;1;0;0;0;0;0;1
05/07/2023;16:41:47;276;Sem vítima;438,700;BR-163/MS;Decrescente;Acidentes de outra natureza;1;0;0;0;0;0;1
05/07/2023;17:13:08;283;Sem vítima;178,437;BR-163/MS;Decrescente;Acidentes de outra natureza;1;0;0;0;0;0;1
05/07/2023;17:22:16;285;Sem vítima;259,646;BR-163/MS;Decrescente;Acidentes de outra natureza;1;0;0;0;0;0;1
05/07/2023;17:53:44;289;Sem vítima;413,000;BR-163/MS;Decrescente;Acidentes de outra natureza;1;0;0;0;0;0;1
05/07/2023;17:55:22;290;Sem vítima;410,728;BR-163/MS;Decrescente;Acidentes de outra natureza;1;0;0;0;0;0;1
05/07/2023;18:14:32;292;Sem vítima;231,694;BR-163/MS;Crescente;Acidentes de outra natureza;1;0;0;0;0;0;1
05/07/2023;18:23:30;294;Sem vítima;801,877;BR-163/MS;Crescente;Acidentes de outra natureza;1;0;0;0;0;0;1
05/07/2023;18:27:41;296;Sem vítima;392,200;BR-163/MS;Crescente;Acidentes de outra natureza;1;0;0;0;0;0;1
05/07/2023;18:40:53;328;Sem vítima;91,870;BR-163/MS;Crescente;Acidentes de outra natureza;1;0;0;0;0;0;1
05/07/2023;18:55:20;334;Sem vítima;499,987;BR-163/MS;Decrescente;Acidentes de outra natureza;1;0;0;0;0;0;1
05/07/2023;19:18:40;343;Sem vítima;700,000;BR-163/MS;Crescente;Acidentes de outra natureza;1;0;0;0;0;0;1
05/07/2023;19:36:19;346;Sem vítima;431,934;BR-163/MS;Crescente;Acidentes de outra natureza;1;0;0;0;0;0;1
05/07/2023;19:43:22;348;Sem vítima;499,987;BR-163/MS;Decrescente;Acidentes de outra natureza;1;0;0;0;0;0;1
05/07/2023;20:40:37;394;Sem vítima;179,649;BR-163/MS;Crescente;Acidentes de outra natureza;1;0;0;0;0;0;1
05/07/2023;21:01:15;397;Sem vítima;220,968;BR-163/MS;Decrescente;Acidentes de outra natureza;1;0;0;0;0;0;1
05/07/2023;22:50:41;408;Sem vítima;394,308;BR-163/MS;Crescente;Acidentes de outra natureza;1;0;0;0;0;0;1
06/07/2023;05:18:08;18;Sem vítima;25,271;BR-163/MS;Decrescente;Acidentes de outra natureza;1;0;0;0;0;0;1
06/07/2023;06:57:55;31;Sem vítima;381,440;BR-163/MS;Decrescente;Acidentes de outra natureza;1;0;0;0;0;0;1
06/07/2023;07:02:47;38;Sem vítima;553,440;BR-163/MS;Crescente;Acidentes de outra natureza;1;0;0;0;0;0;1
06/07/2023;07:11:24;43;Sem vítima;675,863;BR-163/MS;Decrescente;Acidentes de outra natureza;1;0;0;0;0;0;1
06/07/2023;07:33:34;64;Sem vítima;683,260;BR-163/MS;Crescente;Acidentes de outra natureza;1;0;0;0;0;0;1
06/07/2023;08:47:02;116;Sem vítima;264,000;BR-163/MS;Crescente;Acidentes de outra natureza;1;0;0;0;0;0;1
06/07/2023;08:59:09;120;Sem vítima;574,991;BR-163/MS;Crescente;Acidentes de outra natureza;1;0;0;0;0;0;1
06/07/2023;09:26:37;131;Sem vítima;197,650;BR-163/MS;Crescente;Acidentes de outra natureza;1;0;0;0;0;0;1